symbol,date,direction,entry_price,exit_price,qty,exit_reason,pnl,pnl_pct,hold_bars,gap_pct,vol_ratio,conviction
FCX,2024-01-24,long,39.18,38.93,510,eod,-132.6,-0.0066,381,6.49,2.39,normal
RMD,2024-01-25,long,185.88,180.85357142857143,107,stop,-538.9,-0.0271,7,10.35,2.98,normal
SOFI,2024-01-29,long,8.86,8.9440955,2802,trail,207.62,0.0084,66,15.75,6.17,high
DLTR,2024-01-29,long,136.6,133.85202857142858,146,stop,-402.66,-0.0202,78,2.82,1.85,normal
SLB,2024-01-30,short,47.04,47.16571428571428,526,stop,-71.39,-0.0029,1,-8.12,3.68,high
TER,2024-01-31,short,96.05,92.29642857142855,257,target,962.1,0.039,19,-8.7,3.77,high
EW,2024-01-31,long,75.2,76.20122142857143,329,stop,326.11,0.0132,1,5.22,3.02,high
ALGN,2024-02-01,long,309.5,294.35177857142855,81,stop,-1227.82,-0.049,41,13.35,5.9,high
CHRW,2024-02-01,short,74.52,73.07714285714285,336,target,481.44,0.0192,8,-7.81,5.97,high
AFL,2024-02-01,short,77.17,76.20928571428571,325,stop,308.98,0.0123,1,-6.48,5.59,high
EL,2024-02-05,long,150.43,148.3807142857143,166,stop,-341.84,-0.0137,55,18.89,4.06,high
ON,2024-02-05,long,75.0,77.15505,266,trail,570.58,0.0286,68,6.73,1.82,normal
SNAP,2024-02-07,short,12.17,12.037899999999999,2057,trail,251.16,0.01,59,-31.06,6.92,high
RBLX,2024-02-07,long,45.5835,43.18592857142857,549,stop,-1321.76,-0.0528,61,9.88,6.62,high
EXPE,2024-02-09,short,132.37,133.65571428571428,187,stop,-242.3,-0.0098,6,-18.1,8.62,high
AFRM,2024-02-09,short,45.4,49.386764285714285,440,stop,-1758.58,-0.088,63,-6.07,2.89,normal
MHK,2024-02-09,short,103.11,108.73232857142858,193,stop,-1087.04,-0.0546,151,-3.67,2.59,normal
DXCM,2024-02-09,short,125.0,120.94594642857143,160,target,647.05,0.0324,11,-3.19,2.09,normal
ANET,2024-02-13,short,64.91,63.94499999999999,308,trail,294.14,0.0147,54,-8.19,2.82,normal
TZA,2024-02-13,long,18.73,19.13178571428572,1067,target,418.04,0.0209,2,10.07,1.88,normal
TNA,2024-02-13,short,37.12,36.92071428571428,538,stop,101.84,0.0051,1,-9.87,1.7,normal
UPST,2024-02-14,short,28.32,28.217,860,trail,79.98,0.0033,34,-10.69,3.09,high
DASH,2024-02-16,short,116.55,116.06116428571428,209,stop,100.08,0.0041,1,-11.4,5.51,high
COIN,2024-02-16,long,191.24,178.88273571428573,104,stop,-1286.2,-0.0647,84,14.11,2.79,normal
DLR,2024-02-16,short,133.51,129.32428571428574,182,target,759.98,0.0313,34,-5.79,3.2,high
WMT,2024-02-20,long,57.75,58.162499999999994,346,target,139.26,0.007,4,4.77,4.06,normal
FTNT,2024-02-21,short,62.5,61.91499999999999,320,trail,184.0,0.0092,30,-8.66,1.64,normal
RIVN,2024-02-22,short,12.62,12.111964285714283,1929,target,960.71,0.0395,44,-22.16,5.8,high
NVDA,2024-02-22,long,75.71,77.81,264,eod,551.76,0.0276,390,11.2,1.69,normal
MRNA,2024-02-22,long,93.25,94.82594999999999,214,trail,335.11,0.0168,49,4.88,3.23,normal
RIVN,2024-02-23,short,11.17,10.469724999999999,1790,trail,1235.59,0.0618,74,-4.63,3.02,normal
DPZ,2024-02-26,long,446.8,457.0,56,target,570.64,0.0228,29,6.77,4.48,high
NCLH,2024-02-27,long,17.37,17.99501785714286,1454,target,894.24,0.0354,62,11.05,4.31,high
PANW,2024-02-27,long,159.25,161.17555,125,trail,239.44,0.012,94,4.83,2.66,normal
COIN,2024-02-27,long,206.7,199.105,96,eod,-730.08,-0.0368,390,5.8,1.7,normal
COIN,2024-02-28,long,210.17,204.596,95,eod,-530.48,-0.0266,390,5.11,1.86,normal
NTAP,2024-03-01,long,101.05,100.26357142857144,249,stop,-198.31,-0.0079,31,18.81,8.25,high
HPE,2024-03-01,short,13.84,14.06642857142857,1445,stop,-341.64,-0.0171,18,-4.57,3.39,normal
COIN,2024-03-04,long,219.0,221.24282,91,trail,203.19,0.0102,121,5.65,1.57,normal
DECK,2024-03-04,long,157.31,155.44,127,eod,-238.76,-0.012,289,2.87,2.16,normal
TGT,2024-03-05,long,151.28,152.12285714285713,165,target,137.42,0.0055,5,10.34,6.33,high
ALB,2024-03-05,short,117.66,111.43684999999999,213,trail,1323.4,0.0528,99,-8.37,5.67,high
SOFI,2024-03-05,short,7.86,7.845949999999999,3192,trail,12.93,0.0005,13,-5.94,4.47,high
CINF,2024-03-06,long,108.42,110.88285714285713,184,stop,451.33,0.0226,1,5.33,2.9,normal
PNC,2024-03-06,short,144.25,141.75500000000002,138,stop,342.93,0.0172,1,-4.07,3.39,normal
SWKS,2024-03-06,long,95.13,97.34785714285715,210,target,463.65,0.0232,15,3.56,3.06,normal
DXCM,2024-03-06,long,125.59,126.28685,159,trail,109.21,0.0055,27,3.55,2.67,normal
MU,2024-03-07,long,99.04,98.34,201,eod,-142.71,-0.0072,389,3.52,1.57,normal
RIVN,2024-03-08,long,12.79,13.1104485,1563,trail,485.23,0.0243,59,4.96,1.83,normal
NVDA,2024-03-08,long,95.15,95.85035,210,trail,144.97,0.0073,129,2.67,2.04,normal
BA,2024-03-11,short,193.3398,192.89059999999998,103,trail,45.24,0.0023,195,-2.16,2.24,normal
LUV,2024-03-12,short,29.24,28.003849999999996,887,trail,1087.6,0.0419,127,-8.99,6.41,high
MMM,2024-03-12,long,77.35,76.13642857142857,335,stop,-409.9,-0.0158,2,6.53,3.59,high
ADM,2024-03-12,long,53.29,53.39685,375,trail,36.32,0.0018,23,3.95,2.34,normal
BA,2024-03-12,short,187.58,184.3564,106,eod,340.64,0.0171,390,-2.21,2.75,normal
GEHC,2024-03-13,short,86.52,88.19,231,eod,-388.08,-0.0194,390,-4.64,3.63,normal
FCX,2024-03-13,long,40.29,42.03,496,eod,858.08,0.0429,390,2.94,2.45,normal
VLO,2024-03-13,long,147.15,149.51,135,eod,317.25,0.016,390,2.17,1.5,normal
DG,2024-03-14,long,160.32,155.07071428571427,164,stop,-862.52,-0.0328,4,5.03,3.76,high
LEN,2024-03-14,short,141.63,140.04969999999997,141,trail,221.41,0.0111,127,-2.24,2.88,normal
JBL,2024-03-15,short,127.58,132.09357142857144,205,stop,-927.33,-0.0355,9,-12.7,7.68,high
ADBE,2024-03-15,short,496.58,492.77742499999994,52,trail,197.21,0.0076,352,-12.41,4.75,high
GOOGL,2024-03-18,long,148.28,148.4198,134,trail,17.39,0.0009,152,5.27,1.96,normal
GOOG,2024-03-18,long,149.05,149.2275,134,trail,22.44,0.0011,41,5.07,1.8,normal
RBLX,2024-03-18,short,37.71,37.13885,530,trail,297.41,0.0149,85,-3.37,2.06,normal
ACN,2024-03-21,short,351.51,334.95,56,eod,926.8,0.0471,390,-4.32,4.96,normal
WDC,2024-03-21,long,44.37,43.24,450,eod,-513.0,-0.0257,390,6.72,1.88,normal
LULU,2024-03-22,short,410.8599,393.45459999999997,63,trail,1095.9,0.0423,116,-13.07,15.39,high
FDX,2024-03-22,long,278.26,271.2114285714286,94,stop,-663.51,-0.0254,4,7.99,4.56,high
NKE,2024-03-22,short,88.4,89.88,296,eod,-441.04,-0.0169,390,-6.92,4.86,high
UAL,2024-03-25,short,44.965,44.279374999999995,444,trail,299.98,0.015,95,-3.06,1.87,normal
APH,2024-03-25,long,58.54,57.31857142857143,341,stop,-419.92,-0.021,26,3.14,1.74,normal
MKC,2024-03-26,long,71.24,72.9294,367,trail,616.34,0.0236,282,7.03,3.26,high
STX,2024-03-26,long,90.74,92.6491,220,trail,417.8,0.0209,191,6.0,2.28,normal
CTAS,2024-03-27,long,164.61,170.27695,121,trail,684.49,0.0344,70,3.97,3.39,normal
CCL,2024-03-27,short,16.26,17.071428571428573,1230,stop,-1010.36,-0.0505,127,-2.48,3.82,normal
TZA,2024-03-27,short,16.63,15.94,1202,eod,817.36,0.0409,390,-2.29,1.65,normal
LW,2024-04-01,short,98.54,99.93,202,eod,-282.8,-0.0142,390,-2.77,1.69,normal
CVS,2024-04-02,short,68.78,67.35539999999999,290,trail,410.23,0.0206,251,-5.89,2.65,normal
PAYX,2024-04-02,short,108.35,111.02357142857142,184,stop,-493.78,-0.0248,15,-4.15,2.59,normal
CNC,2024-04-02,short,75.27,72.39,265,eod,760.55,0.0381,390,-3.11,1.89,normal
ULTA,2024-04-03,short,466.95,439.98,57,eod,1536.72,0.0577,390,-9.64,4.85,high
CAG,2024-04-04,long,27.71,27.15714285714286,721,stop,-405.82,-0.0203,2,6.95,2.75,normal
TNA,2024-04-10,short,36.17,36.35,552,eod,-104.88,-0.0053,390,-7.5,2.07,normal
TZA,2024-04-10,long,18.19,18.13,1099,eod,-76.93,-0.0038,390,7.59,1.83,normal
BLDR,2024-04-10,short,187.52,189.31,106,eod,-190.8,-0.0096,386,-4.7,1.88,normal
KMX,2024-04-10,short,80.175,79.15,249,eod,252.73,0.0127,389,-3.44,2.07,normal
TQQQ,2024-04-10,short,28.59,28.82,699,eod,-167.76,-0.0084,390,-3.57,1.63,normal
GL,2024-04-11,short,96.11,88.31000000000003,279,target,2173.41,0.0811,14,-6.15,26.06,high
FAST,2024-04-11,short,34.52,33.7589,579,trail,434.89,0.0218,64,-3.21,3.04,normal
STZ,2024-04-11,long,260.59,255.45642857142855,76,stop,-390.91,-0.0197,71,2.29,3.4,normal
GEN,2024-04-11,short,20.95,20.23,954,eod,677.34,0.0339,389,-2.04,1.77,normal
ANET,2024-04-12,short,69.65,69.5072,287,trail,38.11,0.0019,61,-5.5,2.33,normal
ZTS,2024-04-12,short,150.48,147.4186,132,trail,402.78,0.0203,25,-4.23,3.47,normal
GS,2024-04-15,long,395.06,382.9442857142857,50,stop,-606.29,-0.0307,240,4.49,2.9,normal
MTB,2024-04-15,long,131.33,134.44265000000001,152,trail,471.6,0.0236,18,4.0,2.56,normal
UNH,2024-04-16,long,459.58,450.41357142857146,43,stop,-394.59,-0.02,78,6.99,2.69,normal
BLDR,2024-04-16,short,179.235,182.09,111,eod,-318.01,-0.016,387,-2.58,1.56,normal
TRV,2024-04-17,short,199.38,203.41214285714287,138,stop,-557.82,-0.0203,2,-7.64,5.31,high
UAL,2024-04-17,long,44.89,48.77,613,eod,2372.31,0.0862,390,7.11,7.36,high
EFX,2024-04-18,short,211.59,219.8992857142857,132,stop,-1098.15,-0.0393,28,-9.27,4.89,high
GPC,2024-04-18,long,151.4,150.45,184,eod,-176.64,-0.0063,390,8.2,4.58,high
LVS,2024-04-18,short,45.75,44.32505,437,trail,618.33,0.0309,49,-4.27,6.29,normal
NUE,2024-04-23,short,171.86,177.09714285714287,161,stop,-844.79,-0.0305,1,-7.27,4.73,high
WAB,2024-04-24,long,161.19,162.63335,171,trail,245.1,0.0089,21,9.28,4.01,high
HAS,2024-04-24,long,59.25,60.1835,465,trail,429.43,0.0156,12,9.22,4.87,high
TSLA,2024-04-24,long,164.46,165.13525,121,trail,80.5,0.004,47,12.55,1.84,normal
IBM,2024-04-25,short,158.76,162.05214285714285,175,stop,-577.88,-0.0208,2,-8.63,4.85,high
LUV,2024-04-25,short,25.36,26.21,1095,eod,-941.7,-0.0339,390,-8.27,4.49,high
AON,2024-04-26,short,265.31,271.8285714285714,103,stop,-672.44,-0.0246,2,-11.48,4.97,high
SOFI,2024-04-29,short,7.34,7.110074999999999,3711,trail,816.14,0.03,29,-6.35,3.61,high
DPZ,2024-04-29,long,525.31,506.3314285714286,51,stop,-968.42,-0.0361,10,6.26,3.09,high
ALB,2024-04-29,long,119.13,119.45094999999999,167,trail,51.93,0.0026,23,4.81,1.59,normal
GEHC,2024-04-30,short,80.42,77.53585,338,trail,971.46,0.0357,334,-8.89,5.91,high
PCAR,2024-04-30,short,99.81,99.29744999999998,200,trail,100.51,0.005,384,-4.97,2.97,normal
CVS,2024-05-01,short,51.6,51.044349999999994,532,trail,290.29,0.0106,92,-17.3,8.15,high
CDW,2024-05-01,short,215.91,214.17514999999997,127,trail,219.06,0.008,61,-7.38,3.78,high
AMCR,2024-05-01,long,43.4,42.35071428571428,633,stop,-670.53,-0.0244,5,6.94,3.73,high
QRVO,2024-05-02,short,102.07,98.03377499999998,268,trail,1079.03,0.0394,20,-8.9,4.92,high
APTV,2024-05-02,long,75.47,76.56405000000001,363,trail,393.51,0.0144,15,8.13,3.46,high
DASH,2024-05-02,short,116.925,112.88829999999999,234,trail,942.25,0.0344,9,-8.01,6.67,high
AMGN,2024-05-03,long,297.53,292.9,94,eod,-436.16,-0.0156,390,12.57,4.23,high
EXPE,2024-05-03,short,119.51,114.18,234,eod,1244.88,0.0445,390,-10.12,7.66,high
FTNT,2024-05-03,short,61.585,61.16389999999999,455,trail,187.05,0.0067,25,-5.12,3.66,high
TSN,2024-05-06,short,55.9,53.43975,357,trail,874.74,0.0438,23,-2.14,6.1,normal
DIS,2024-05-07,short,104.43,103.70254999999999,273,trail,195.86,0.0069,337,-7.92,6.75,high
IFF,2024-05-07,long,90.6,91.01,220,eod,88.0,0.0044,390,4.44,3.25,normal
MTCH,2024-05-08,short,27.81,27.293349999999997,1027,trail,520.33,0.0182,11,-8.1,4.68,high
LYFT,2024-05-08,long,17.46,18.0255,1145,trail,636.05,0.0318,31,4.94,3.1,normal
RIVN,2024-05-08,short,9.4707,9.444574999999999,2111,trail,34.04,0.0017,17,-7.22,1.58,normal
EQIX,2024-05-09,long,765.12,739.66,37,eod,-942.39,-0.0333,376,12.31,3.21,high
HOOD,2024-05-09,long,19.02,18.232007142857146,1518,stop,-1211.35,-0.042,15,6.68,4.89,high
GEN,2024-05-10,long,22.07,22.2413,1284,trail,207.11,0.0073,8,10.46,3.54,high
AKAM,2024-05-10,short,93.165,91.01,304,eod,652.08,0.023,390,-8.06,7.21,high
PODD,2024-05-10,long,183.185,187.14015,109,trail,430.02,0.0215,3,2.44,4.13,normal
HOOD,2024-05-13,long,16.8,17.3262485,1190,trail,614.34,0.0307,81,2.4,1.86,normal
HOOD,2024-05-14,long,17.78,18.113854500000002,1124,trail,364.01,0.0182,13,5.21,2.47,normal
UPST,2024-05-14,long,29.47,29.604174999999998,678,trail,84.19,0.0042,50,3.86,2.27,normal
RIVN,2024-05-14,long,11.74,11.9185,1703,trail,286.96,0.0144,42,5.32,1.52,normal
DHI,2024-05-15,long,150.5,154.62,132,eod,542.52,0.0273,390,2.55,1.62,normal
PHM,2024-05-15,long,118.43,120.47,168,eod,341.04,0.0171,389,2.04,1.63,normal
LEN,2024-05-15,long,149.04,152.14,134,eod,414.06,0.0207,388,2.12,1.54,normal
DG,2024-05-16,long,139.33,139.3972,143,trail,8.18,0.0004,23,2.99,1.77,normal
NCLH,2024-05-20,long,16.6799,16.9123515,1199,trail,266.72,0.0133,271,4.63,2.02,normal
JCI,2024-05-20,long,70.42,68.75999999999999,284,stop,-474.28,-0.0237,362,4.01,2.26,normal
CCL,2024-05-20,long,15.44,15.51375,1295,trail,82.56,0.0041,31,2.61,2.13,normal
KEYS,2024-05-21,short,151.05,144.8811,132,trail,812.97,0.0408,104,-4.06,4.52,normal
TGT,2024-05-22,short,131.0,134.30357142857144,225,stop,-745.55,-0.0253,43,-9.79,5.46,high
LULU,2024-05-22,short,303.7183,299.63,65,eod,265.09,0.0134,390,-4.98,5.18,normal
TJX,2024-05-22,long,99.96,101.15950000000001,200,trail,237.9,0.0119,102,4.51,2.73,normal
FCX,2024-05-22,short,50.25,49.9786,398,trail,104.04,0.0052,171,-4.64,1.64,normal
NVDA,2024-05-23,long,102.42,104.61685,195,trail,426.44,0.0214,273,7.46,2.14,normal
ANET,2024-05-23,short,76.02,75.87124999999999,263,trail,36.49,0.0018,8,-3.53,2.47,normal
DECK,2024-05-24,long,169.12,169.5382,174,trail,71.03,0.0024,67,12.18,3.15,high
INTU,2024-05-24,short,611.6,605.7418499999999,48,trail,280.71,0.0096,8,-6.23,4.06,high
AAL,2024-05-29,short,12.06,11.772782,2460,trail,681.96,0.023,12,-9.52,6.19,high
LUV,2024-05-29,short,23.99,24.6,833,eod,-516.46,-0.0258,390,-4.82,1.79,normal
UNH,2024-05-29,short,470.44,463.56064999999995,42,trail,288.51,0.0146,34,-2.25,2.66,normal
UAL,2024-05-29,short,49.105,50.59509285714286,407,stop,-610.54,-0.0305,46,-2.3,1.97,normal
NOW,2024-05-30,short,138.05,136.16225,214,trail,401.84,0.0136,10,-5.48,4.6,high
HPQ,2024-05-30,long,32.8,33.95295,609,trail,696.06,0.0348,43,4.89,5.8,normal
ELV,2024-05-31,long,511.98,522.83,39,eod,422.76,0.0212,372,3.26,4.63,normal
HPE,2024-05-31,short,17.05,16.94035,1173,trail,116.89,0.0058,6,-3.28,2.82,normal
NTAP,2024-06-03,short,113.28,113.11159999999998,176,trail,27.88,0.0014,58,-2.08,1.56,normal
BBWI,2024-06-04,short,43.76,46.085,685,stop,-1599.48,-0.0534,3,-8.38,4.72,high
SWK,2024-06-04,short,78.87,77.94,253,eod,232.76,0.0117,385,-2.04,1.67,normal
TNA,2024-06-04,short,36.44,36.286249999999995,548,trail,78.78,0.0039,294,-2.12,1.5,normal
CPB,2024-06-05,short,39.51,40.86214285714286,506,stop,-689.24,-0.0345,4,-2.12,2.92,normal
LYFT,2024-06-06,long,17.035,16.238064285714287,1735,stop,-1400.03,-0.0474,61,8.5,3.44,high
SJM,2024-06-06,long,108.98,107.69,183,eod,-237.9,-0.0119,386,3.66,1.77,normal
SHW,2024-06-07,short,282.65,287.58,70,eod,-345.8,-0.0175,390,-3.41,1.84,normal
TNA,2024-06-07,short,35.45,35.37,564,eod,39.48,0.002,390,-3.11,1.53,normal
HBAN,2024-06-10,short,12.15,11.814599999999999,1646,trail,535.61,0.0268,224,-2.56,4.65,normal
AFRM,2024-06-11,long,33.38,31.373635714285715,874,stop,-1762.3,-0.0604,15,7.85,3.6,high
NEE,2024-06-11,short,71.05,69.09104999999998,281,trail,547.65,0.0274,361,-2.16,2.22,normal
ORCL,2024-06-12,long,133.32,135.21095,216,trail,406.29,0.0141,66,8.73,4.82,high
AFRM,2024-06-12,long,36.44,38.16875,793,trail,1362.97,0.0472,21,6.51,4.11,high
UPST,2024-06-12,long,25.97,26.747675,770,trail,591.11,0.0296,24,6.58,2.42,normal
ANET,2024-06-13,long,80.05,81.1049,249,trail,260.18,0.0131,44,2.79,1.77,normal
KMB,2024-06-13,long,129.46,130.09,154,eod,95.48,0.0048,389,2.67,1.72,normal
ADBE,2024-06-14,long,532.29,525.5,55,eod,-374.0,-0.0128,390,15.59,4.35,high
ADSK,2024-06-17,long,235.675,240.51,84,eod,405.3,0.0205,390,4.04,1.86,normal
MU,2024-06-18,long,151.53,153.9555,131,trail,316.43,0.0159,96,2.65,2.62,normal
KR,2024-06-18,long,50.52,50.13,395,eod,-158.0,-0.0079,390,2.46,2.16,normal
GILD,2024-06-20,long,62.6,62.7839,319,trail,55.47,0.0028,23,2.97,3.53,normal
MU,2024-06-21,short,136.37,138.47,146,eod,-308.06,-0.0155,390,-4.54,2.76,normal
KMX,2024-06-21,long,74.7,71.79007142857142,267,stop,-779.62,-0.0391,134,3.34,3.06,normal
PLTR,2024-06-21,short,24.5805,24.37015,813,trail,162.88,0.0082,36,-3.33,1.82,normal
RMD,2024-06-24,short,186.24,183.59319999999997,157,trail,413.98,0.0142,21,-7.71,3.85,high
AFRM,2024-06-24,long,31.2681,31.94355,639,trail,425.22,0.0213,14,3.78,2.01,normal
PNR,2024-06-25,short,73.83,72.99,270,eod,224.1,0.0112,389,-4.3,2.78,normal
FDX,2024-06-26,long,282.72,286.52,104,eod,394.16,0.0134,390,12.5,6.68,high
APTV,2024-06-26,short,66.72,66.3607,444,trail,155.09,0.0052,182,-8.82,3.12,high
IP,2024-06-27,short,39.09,40.21642857142857,762,stop,-865.96,-0.0291,24,-9.92,7.17,high
MU,2024-06-27,short,133.32,132.20374999999999,150,trail,165.94,0.0083,192,-4.62,2.83,normal
RIVN,2024-06-27,short,13.895,13.865204499999997,1439,trail,28.49,0.0014,36,-5.29,2.21,normal
HUM,2024-06-28,long,367.13,374.93039999999996,54,trail,420.68,0.0212,6,2.76,4.79,normal
UNH,2024-06-28,long,484.63,492.88,41,eod,337.84,0.017,390,2.04,5.76,normal
SYF,2024-06-28,long,44.06,45.00465,453,trail,423.4,0.0212,162,2.12,2.39,normal
TSLA,2024-07-02,long,221.1373,227.66127699999998,90,trail,586.26,0.0295,88,4.3,2.66,normal
GLW,2024-07-08,long,39.58,41.796071428571416,757,target,1670.0,0.0557,196,6.4,4.32,high
PTC,2024-07-09,short,180.61,176.93479999999997,110,trail,403.17,0.0203,304,-3.69,3.12,normal
DAL,2024-07-11,short,42.04,43.168571428571425,713,stop,-811.8,-0.0271,62,-8.22,4.31,high
UAL,2024-07-11,short,44.53,45.64,449,eod,-502.88,-0.0252,390,-5.09,2.39,normal
AAL,2024-07-11,short,10.556,10.525549999999999,1894,trail,38.73,0.0019,30,-4.22,2.84,normal
WFC,2024-07-12,short,53.79,54.4,371,eod,-230.02,-0.0115,390,-6.57,2.85,normal
BK,2024-07-12,long,60.77,62.15,329,eod,450.73,0.0225,390,2.69,2.56,normal
RBLX,2024-07-12,long,40.025,40.53,499,eod,247.01,0.0124,390,3.48,1.5,normal
FSLR,2024-07-15,short,217.74,213.8199,91,trail,355.82,0.018,6,-5.58,1.79,normal
AES,2024-07-15,short,16.56,15.823849999999998,1207,trail,876.46,0.0438,32,-3.37,1.88,normal
RJF,2024-07-16,short,114.68,111.26,174,eod,593.34,0.0297,387,-3.01,3.42,normal
UNH,2024-07-16,long,522.51,531.61,38,eod,345.42,0.0174,390,3.6,2.35,normal
TZA,2024-07-16,short,13.89,13.621299999999998,1439,trail,372.27,0.0186,40,-2.79,2.4,normal
LRCX,2024-07-17,short,100.1,95.22,199,eod,969.13,0.0487,384,-5.29,2.3,normal
INTC,2024-07-17,long,35.88,36.2086,557,trail,177.46,0.0089,11,5.04,2.4,normal
NFLX,2024-07-19,long,67.0,64.54857142857144,298,stop,-733.51,-0.0367,13,2.74,3.04,normal
VZ,2024-07-22,short,36.07,35.32,554,eod,409.96,0.0205,390,-4.01,3.1,normal
NXPI,2024-07-22,long,269.72,277.21,74,eod,553.52,0.0277,388,2.44,2.17,normal
MSCI,2024-07-23,long,538.44,549.38375,37,trail,404.55,0.0203,56,8.69,2.6,normal
FTV,2024-07-24,short,46.2,48.205714285714286,649,stop,-1308.2,-0.0436,3,-7.39,3.47,high
ENPH,2024-07-24,long,113.65,118.16059999999999,263,trail,1183.66,0.0396,175,5.42,3.51,high
GOOGL,2024-07-24,short,172.24,171.52,116,eod,82.36,0.0041,390,-4.51,2.38,normal
WST,2024-07-25,short,279.98,267.7366999999999,107,trail,1308.96,0.0437,7,-12.78,6.08,high
TER,2024-07-25,short,125.69,122.58154999999998,238,trail,737.43,0.0247,10,-10.51,3.56,high
DXCM,2024-07-26,short,65.31,64.894025,459,trail,186.34,0.0062,24,-38.8,19.39,high
DECK,2024-07-26,long,162.5,155.00285714285715,184,stop,-1381.31,-0.0462,4,14.06,3.36,high
CHTR,2024-07-26,long,359.14,368.05510000000004,83,trail,739.12,0.0248,6,13.49,3.34,high
MMM,2024-07-26,long,110.83,115.63900000000001,270,trail,1295.73,0.0433,64,8.99,9.84,high
RVTY,2024-07-29,long,122.65,117.80285714285715,163,stop,-791.71,-0.0396,44,5.47,2.46,normal
L,2024-07-29,long,82.88,80.76928571428572,241,stop,-511.09,-0.0256,2,3.01,1.66,normal
EW,2024-07-29,long,64.12,63.74,311,eod,-121.29,-0.0061,390,2.55,1.64,normal
HWM,2024-07-30,long,92.06,92.8461,217,trail,168.41,0.0084,100,11.7,2.73,normal
PYPL,2024-07-30,long,63.47,63.52264999999999,472,trail,20.13,0.0007,36,6.5,4.4,high
SWK,2024-07-30,long,98.39,99.56,203,eod,235.48,0.0118,389,7.98,2.66,normal
GLW,2024-07-30,short,37.78,37.01705,529,trail,398.31,0.0199,22,-7.34,2.64,normal
MRNA,2024-08-01,short,98.735,96.16109999999999,303,trail,776.86,0.026,7,-16.47,6.99,high
AFL,2024-08-01,long,100.99,99.275,297,stop,-512.32,-0.0171,3,9.44,3.96,high
FMC,2024-08-01,long,59.39,62.803599999999996,505,trail,1718.82,0.0573,17,8.55,4.29,high
INTC,2024-08-02,short,21.51,20.71615,1394,trail,1092.69,0.0364,16,-24.46,5.0,high
SNPS,2024-08-02,short,504.765,495.69554999999997,59,trail,534.51,0.0179,58,-6.78,3.28,high
HOOD,2024-08-05,short,14.45,14.331799999999998,2076,trail,224.62,0.0075,4,-17.79,3.34,high
TQQQ,2024-08-05,short,24.26,26.722857142857144,824,stop,-2037.63,-0.1019,31,-16.03,2.22,normal
SQQQ,2024-08-05,long,257.06,243.30357142857142,77,stop,-1060.02,-0.0536,21,16.28,2.13,normal
KVUE,2024-08-06,long,18.87,19.09915,1059,trail,232.08,0.0116,245,10.79,2.6,normal
PLTR,2024-08-06,long,27.4143,26.52,729,eod,-659.23,-0.033,390,12.29,2.16,normal
FTNT,2024-08-07,long,66.7999,68.513054,449,trail,764.72,0.0255,48,17.69,4.38,high
LYFT,2024-08-07,short,9.0,9.12,3333,eod,-433.29,-0.0144,390,-15.68,4.91,high
ABNB,2024-08-07,short,111.38,113.49,269,eod,-570.28,-0.019,390,-13.82,6.23,high
MNST,2024-08-08,short,44.24,44.101749999999996,678,trail,86.95,0.0029,11,-11.18,4.88,high
EPAM,2024-08-08,short,190.0,188.33325,157,trail,260.11,0.0087,7,-7.26,3.62,high
AKAM,2024-08-09,long,98.575,100.98219999999999,304,trail,728.75,0.0243,37,7.03,4.55,high
EXPE,2024-08-09,long,128.78,128.4,155,eod,-60.45,-0.003,390,10.2,2.78,normal
TTWO,2024-08-09,long,144.765,144.82,138,eod,6.21,0.0003,390,2.42,2.45,normal
SOLV,2024-08-09,long,60.63,61.04045,329,trail,131.75,0.0066,19,2.28,1.57,normal
K,2024-08-14,long,76.69,76.96,391,eod,101.66,0.0034,390,7.35,12.02,high
CSCO,2024-08-15,long,47.48,47.50655,421,trail,6.97,0.0003,60,7.3,2.25,normal
AMCR,2024-08-16,short,46.31,47.77,431,eod,-633.57,-0.0317,390,-4.9,1.82,normal
AMAT,2024-08-16,short,199.21,204.52,100,eod,-532.0,-0.0267,390,-3.25,1.5,normal
ROST,2024-08-21,long,154.36,150.89499999999998,129,stop,-448.28,-0.0225,5,5.8,1.75,normal
GEV,2024-08-23,short,174.5,182.72,114,eod,-938.22,-0.0472,390,-2.79,1.84,normal
DLTR,2024-08-29,short,85.86,88.85642857142857,232,stop,-697.49,-0.035,3,-8.88,2.73,normal
NTAP,2024-08-29,short,120.51,119.64819999999999,165,trail,140.55,0.0071,9,-5.18,2.67,normal
ULTA,2024-08-30,short,342.9936,357.48671428571424,87,stop,-1261.77,-0.0423,15,-6.39,3.46,high
ADSK,2024-08-30,long,272.4,265.91409285714286,73,stop,-474.2,-0.0238,45,4.56,3.17,normal
HPE,2024-08-30,long,18.57,18.63,1077,eod,53.85,0.0027,390,2.51,1.72,normal
FCX,2024-09-03,short,41.22,40.528949999999995,485,trail,330.31,0.0165,125,-4.32,1.8,normal
TER,2024-09-03,short,131.86,123.7,151,eod,1230.65,0.0618,388,-2.37,1.93,normal
DLTR,2024-09-04,short,72.21,65.011765,415,trail,2983.12,0.0995,21,-10.85,10.98,high
HRL,2024-09-04,short,27.9,28.56642857142857,716,stop,-484.32,-0.0242,31,-9.93,2.82,normal
CNC,2024-09-04,short,73.59,75.26589285714286,271,stop,-456.88,-0.0229,29,-7.63,2.22,normal
ZBH,2024-09-05,short,106.55,105.84419999999999,281,trail,195.52,0.0065,14,-5.08,3.99,high
HPE,2024-09-05,short,16.37,16.948571428571427,1221,stop,-718.65,-0.036,124,-8.64,2.54,normal
ODFL,2024-09-05,short,183.58,183.13645,108,trail,46.82,0.0024,16,-4.3,2.19,normal
COR,2024-09-05,short,234.62,232.78009999999998,85,trail,155.54,0.0078,379,-2.27,2.29,normal
AVGO,2024-09-06,short,139.92,137.23815,214,trail,571.78,0.0191,35,-6.26,3.41,high
COIN,2024-09-06,long,163.645,152.55429285714285,122,stop,-1354.29,-0.0678,108,2.22,1.68,normal
MRK,2024-09-09,short,107.48,109.265,186,stop,-333.87,-0.0167,3,-3.98,1.88,normal
BA,2024-09-09,long,162.77,162.78,122,eod,-0.0,-0.0,390,2.97,1.6,normal
HPE,2024-09-10,short,15.51,15.5,1934,eod,-0.0,-0.0,390,-6.86,5.62,high
ALB,2024-09-11,long,87.93,83.70071428571428,227,stop,-962.32,-0.0482,23,14.74,2.32,normal
FSLR,2024-09-11,long,216.87,223.9102,92,trail,646.78,0.0324,45,3.5,3.9,normal
MRNA,2024-09-12,short,67.57,65.82274999999998,443,trail,769.6,0.0257,8,-14.61,6.56,high
DAL,2024-09-12,long,45.6,44.316428571428574,438,stop,-566.58,-0.0284,5,4.5,1.8,normal
MU,2024-09-12,short,85.04,86.69,235,eod,-390.1,-0.0195,390,-3.92,1.52,normal
WBD,2024-09-12,long,7.1499,7.5845,2797,trail,1187.61,0.0594,120,2.88,1.97,normal
ADBE,2024-09-13,short,530.12,536.81,56,eod,-375.2,-0.0126,390,-9.2,5.24,high
QRVO,2024-09-16,short,103.4,100.90114999999999,193,trail,480.35,0.0241,26,-2.74,2.43,normal
SWKS,2024-09-16,short,93.68,90.8222,213,trail,606.58,0.0304,329,-2.34,1.81,normal
NUE,2024-09-17,short,135.63,139.9607142857143,147,stop,-638.09,-0.032,19,-2.45,1.82,normal
ABNB,2024-09-19,long,128.75,129.3305,155,trail,88.43,0.0044,310,4.5,1.9,normal
FDX,2024-09-20,short,253.3,250.28884999999997,118,trail,354.14,0.0118,150,-13.19,15.11,high
CEG,2024-09-20,long,237.01,238.32074999999998,126,trail,163.89,0.0055,27,12.79,5.9,high
VST,2024-09-20,long,99.99,100.3124,300,trail,93.72,0.0031,9,7.76,4.48,high
VST,2024-09-23,long,110.1,111.72855,181,trail,292.96,0.0147,34,2.29,2.55,normal
WYNN,2024-09-24,long,82.89,83.39009999999999,241,trail,118.11,0.0059,4,4.18,2.45,normal
MCK,2024-09-24,short,484.01,474.59369999999996,41,trail,385.66,0.0194,13,-3.47,2.85,normal
GPN,2024-09-25,short,99.21,96.20169999999999,201,trail,602.66,0.0302,77,-2.94,4.04,normal
NOW,2024-09-25,short,179.22,178.01,111,eod,133.2,0.0067,380,-2.72,1.94,normal
UPST,2024-09-25,long,39.62,40.384803,504,trail,380.42,0.0191,64,2.95,1.6,normal
MU,2024-09-26,long,113.7,108.93642857142858,263,stop,-1255.45,-0.042,82,18.09,4.53,high
LUV,2024-09-26,long,29.85,30.1804,1005,trail,322.0,0.0107,59,6.51,3.71,high
LVS,2024-09-27,long,48.5,48.96435,412,trail,187.19,0.0094,128,3.3,2.35,normal
UHS,2024-09-30,short,218.69,214.86534999999998,91,trail,347.13,0.0174,12,-2.55,2.8,normal
CVS,2024-09-30,long,59.41,59.17,336,eod,-84.0,-0.0042,390,2.8,1.93,normal
PAYX,2024-10-01,long,131.06,129.0692857142857,152,stop,-304.11,-0.0153,1,2.6,3.3,normal
NKE,2024-10-02,short,79.86,82.01357142857144,250,stop,-540.89,-0.0271,236,-7.01,2.49,normal
DPZ,2024-10-07,short,402.94,402.25,49,eod,33.32,0.0017,332,-3.01,1.67,normal
IP,2024-10-07,short,44.47,44.98,449,eod,-233.48,-0.0117,388,-2.08,1.78,normal
RBLX,2024-10-08,short,37.62,39.10406428571429,797,stop,-1190.77,-0.0397,6,-9.04,4.51,high
HON,2024-10-08,long,191.07,187.86357142857145,104,stop,-334.51,-0.0168,3,2.63,1.88,normal
NCLH,2024-10-09,long,21.84,22.768275,915,trail,840.22,0.042,328,3.85,2.18,normal
UBER,2024-10-11,long,82.3,84.75944700000001,364,trail,891.6,0.0298,184,5.24,4.04,high
TSLA,2024-10-11,short,219.24,218.86444999999998,91,trail,33.27,0.0017,13,-7.81,1.85,normal
LYFT,2024-10-11,long,13.32,13.3328615,1501,trail,4.3,0.0002,24,3.63,2.96,normal
UPST,2024-10-14,long,48.876,51.8504,409,trail,1212.44,0.0607,46,3.55,2.54,normal
COIN,2024-10-14,long,181.86,190.58765,109,trail,950.22,0.0479,130,2.72,2.38,normal
UNH,2024-10-15,short,530.82,545.8807142857142,56,stop,-843.96,-0.0284,67,-8.82,4.21,high
WBA,2024-10-15,long,9.616,9.89925,3119,trail,852.27,0.0284,3,6.68,4.38,high
ELV,2024-10-15,short,472.49,472.65,42,eod,-7.14,-0.0004,375,-4.51,1.97,normal
USB,2024-10-16,long,46.99,46.63,425,eod,-157.25,-0.0079,390,3.68,3.92,normal
SYF,2024-10-16,long,53.96,55.07,370,eod,407.0,0.0204,390,3.6,1.96,normal
UAL,2024-10-16,long,66.38,69.42280000000001,301,trail,912.87,0.0457,55,2.11,4.73,normal
CNC,2024-10-17,short,62.5,63.09,480,eod,-288.0,-0.0096,390,-9.09,3.54,high
TRV,2024-10-17,long,250.64,259.46,79,eod,695.99,0.0352,383,4.14,2.67,normal
NFLX,2024-10-18,long,74.2,76.4,404,eod,884.76,0.0295,390,7.26,5.34,high
CVS,2024-10-18,short,56.05,55.388549999999995,535,trail,348.53,0.0116,88,-6.49,3.4,high
ISRG,2024-10-18,long,506.65,521.15,39,eod,565.11,0.0286,389,4.7,3.47,normal
AXP,2024-10-18,short,271.03,270.10165,73,trail,67.04,0.0034,105,-3.14,3.23,normal
KVUE,2024-10-21,long,21.66,21.58,923,eod,-83.07,-0.0042,390,5.67,2.88,normal
GPC,2024-10-22,short,114.88,109.76392857142858,261,target,1332.68,0.0444,115,-15.85,8.59,high
GE,2024-10-22,short,182.45,177.16825,164,trail,864.57,0.0289,106,-5.01,4.44,high
VZ,2024-10-22,short,38.49,38.163999999999994,519,trail,164.0,0.0082,14,-4.13,3.1,normal
MMM,2024-10-22,long,136.03,134.495,147,stop,-227.11,-0.0114,7,3.97,4.37,normal
MCD,2024-10-23,short,281.75,286.24285714285713,106,stop,-477.3,-0.016,7,-6.97,7.52,high
STX,2024-10-23,short,102.28,101.4797,293,trail,231.56,0.0077,62,-6.13,4.71,high
CSGP,2024-10-23,short,70.635,69.35494999999999,424,trail,538.5,0.018,58,-5.77,6.54,high
NTRS,2024-10-23,long,97.24,98.6773,308,trail,439.61,0.0147,275,5.39,3.6,high
MOH,2024-10-24,long,332.28,335.9638,90,trail,330.64,0.0111,167,18.18,4.28,high
WST,2024-10-24,long,323.43,333.14071428571424,92,target,892.47,0.03,3,14.33,3.56,high
WHR,2024-10-24,long,98.81,102.6961,303,trail,1174.46,0.0392,312,6.81,4.61,high
DECK,2024-10-25,long,169.44,165.36797857142855,177,stop,-722.52,-0.0241,3,11.78,4.54,high
DLR,2024-10-25,long,178.67,186.39321428571424,167,target,1288.11,0.0432,16,11.71,4.44,high
MHK,2024-10-25,short,138.145,136.44714285714286,217,target,366.27,0.0122,2,-11.17,5.15,high
WDC,2024-10-25,long,49.72,48.105000000000004,603,stop,-979.87,-0.0327,197,9.45,3.86,high
FFIV,2024-10-29,long,243.06,246.063638,123,trail,368.22,0.0123,18,10.84,5.76,high
CDNS,2024-10-29,long,276.11,276.99185,108,trail,94.16,0.0032,10,8.77,3.08,high
SWK,2024-10-29,short,88.65,85.96034999999999,338,trail,905.72,0.0302,11,-7.94,6.17,high
F,2024-10-29,short,9.567,9.43341,3135,trail,387.45,0.0129,7,-7.39,3.4,high
QRVO,2024-10-30,short,74.67,72.471,401,trail,877.79,0.0293,5,-22.36,8.93,high
GRMN,2024-10-30,long,182.81,189.55821428571434,164,target,1105.07,0.0369,3,11.92,3.99,high
GOOG,2024-10-30,long,182.65,178.56142857142856,164,stop,-672.17,-0.0224,10,6.58,3.54,high
EL,2024-10-31,short,64.38,63.30554999999999,465,trail,494.97,0.0165,10,-24.38,8.95,high
PAYC,2024-10-31,long,189.32,202.34678571428572,158,target,2056.65,0.0688,6,10.12,4.86,high
ETSY,2024-10-31,long,52.97,54.327675,566,trail,762.78,0.0254,7,9.31,3.26,high
CHTR,2024-11-01,long,365.985,374.1251625,81,trail,658.54,0.0222,10,10.07,4.71,high
CPT,2024-11-01,short,106.56,106.76142857142857,187,stop,-39.54,-0.002,1,-5.18,2.91,normal
ADM,2024-11-05,short,47.77,47.096,628,trail,416.99,0.0139,69,-8.68,3.76,high
CRL,2024-11-06,long,215.0,223.27464285714285,139,stop,1148.79,0.0384,1,21.36,3.27,high
COF,2024-11-06,long,180.94,182.01357142857142,165,stop,175.49,0.0059,1,14.6,4.37,high
COIN,2024-11-06,long,219.2,229.04205,136,trail,1337.16,0.0449,71,14.19,3.09,high
MTCH,2024-11-07,short,31.98,31.92071428571429,938,stop,46.23,0.0015,1,-15.28,7.18,high
MRNA,2024-11-07,long,55.4,55.8692,541,trail,248.43,0.0083,60,9.25,3.73,high
ABNB,2024-11-08,short,137.3001,135.25402857142856,218,target,443.86,0.0148,56,-8.62,5.13,high
AKAM,2024-11-08,short,97.78,92.59226785714287,306,target,1584.39,0.053,73,-6.22,5.85,high
BMY,2024-11-11,long,51.12,55.95785714285714,586,stop,2829.12,0.0944,1,12.17,3.03,high
ABBV,2024-11-11,short,188.47,174.93785714285715,159,stop,2150.02,0.0717,1,-10.49,3.78,high
UPST,2024-11-12,short,70.75,70.3495485,282,trail,110.11,0.0055,68,-8.23,2.29,normal
LYV,2024-11-12,long,130.25,131.0049015,153,trail,113.97,0.0057,27,4.93,3.05,normal
RIVN,2024-11-13,long,11.6885,13.022589285714282,2566,target,3397.61,0.1133,74,11.06,3.94,high
CHTR,2024-11-13,long,390.0,394.12321428571425,51,stop,209.77,0.0105,1,4.47,1.98,normal
AMAT,2024-11-15,short,166.72,170.94571428571427,119,stop,-504.05,-0.0254,78,-9.5,2.72,normal
MRNA,2024-11-15,short,39.0,37.80367499999999,512,trail,607.4,0.0304,76,-3.07,3.25,normal
PLTR,2024-11-15,long,60.48,62.43915,330,trail,643.22,0.0322,112,3.09,2.37,normal
MRNA,2024-11-18,long,37.58,37.804300000000005,532,trail,114.01,0.0057,55,3.96,1.66,normal
INCY,2024-11-19,short,68.34,65.30135714285717,438,target,1326.55,0.0443,9,-12.81,4.9,high
LOW,2024-11-19,short,262.08,261.83714285714274,76,target,17.7,0.0009,1,-3.2,1.8,normal
AMCR,2024-11-20,long,46.65,47.45,428,eod,338.12,0.0169,348,2.83,4.54,normal
EQT,2024-11-20,long,43.89,45.9,455,eod,910.0,0.0456,341,2.0,2.61,normal
NVDA,2024-11-21,long,148.55,144.60714285714286,134,stop,-529.68,-0.0266,69,2.37,1.95,normal
NTAP,2024-11-22,long,132.6,129.04785714285714,226,stop,-805.04,-0.0269,43,6.65,3.22,high
BBWI,2024-11-25,long,34.85,35.46,860,trail,516.0,0.0172,30,18.92,5.5,high
NEM,2024-11-25,short,41.62,40.83964285714285,480,target,369.77,0.0185,48,-3.5,1.58,normal
AMGN,2024-11-26,short,250.6,248.9795,119,trail,191.65,0.0064,29,-10.13,5.42,high
RIVN,2024-11-26,long,12.68,11.266592857142857,1577,stop,-2244.71,-0.1123,71,5.52,1.74,normal
ADSK,2024-11-27,short,292.5,300.31595714285714,68,stop,-532.17,-0.0268,44,-7.79,2.25,normal
INTC,2024-12-02,long,24.96,25.06825,801,trail,78.7,0.0039,16,3.28,2.1,normal
ON,2024-12-03,short,73.5,70.23,272,eod,886.72,0.0444,345,-2.07,1.66,normal
CRM,2024-12-04,long,369.73,355.1871428571429,81,stop,-1178.78,-0.0394,60,10.68,3.62,high
DLTR,2024-12-04,long,74.88,73.2573857142857,267,stop,-435.91,-0.0218,30,4.88,1.7,normal
AAL,2024-12-05,long,15.86,16.583999999999996,1891,target,1350.17,0.045,68,7.59,4.91,high
SNPS,2024-12-05,short,545.5,524.374375,54,trail,1140.24,0.0387,139,-7.39,5.82,high
FI,2024-12-05,short,198.58,206.42252857142856,100,stop,-785.25,-0.0395,113,-5.95,2.95,normal
LULU,2024-12-06,long,376.61,402.33594642857145,79,target,2031.56,0.0683,59,9.34,6.01,high
OMC,2024-12-09,short,96.18,95.75678571428574,207,target,85.54,0.0043,1,-4.4,6.25,normal
DOW,2024-12-09,long,40.29,39.48571428571429,496,stop,-403.89,-0.0202,45,4.45,1.71,normal
GOOGL,2024-12-10,long,181.93,182.7175,109,trail,84.75,0.0043,88,4.26,2.09,normal
GOOG,2024-12-10,long,183.71,184.392,108,trail,72.58,0.0037,87,4.2,1.95,normal
WBA,2024-12-11,short,10.1302,10.080371,1974,trail,78.62,0.0039,56,-4.41,1.86,normal
AVGO,2024-12-13,long,209.66,210.54375,143,trail,124.95,0.0042,56,18.4,5.22,high
UPST,2024-12-13,long,80.52,83.8826,248,trail,831.44,0.0416,69,4.06,2.1,normal
AVGO,2024-12-16,long,229.31,240.60595,87,trail,981.88,0.0492,109,3.11,3.95,normal
F,2024-12-16,short,9.292,9.26086,2152,trail,45.49,0.0023,88,-3.08,1.82,normal
AVGO,2024-12-17,short,245.68,237.6371428571429,81,target,650.66,0.0327,57,-3.74,2.14,normal
TSLA,2024-12-17,long,473.88,476.5923485,42,trail,113.5,0.0057,102,2.78,1.62,normal
PFE,2024-12-17,long,23.69,23.876399999999997,844,trail,148.88,0.0074,78,2.59,1.72,normal
GIS,2024-12-18,short,59.43,60.63785714285714,336,stop,-409.2,-0.0205,72,-4.28,3.4,normal
CI,2024-12-18,long,263.61,270.21535714285716,75,target,494.65,0.025,12,4.09,2.16,normal
TSLA,2024-12-18,short,469.4499,484.9435642857143,42,stop,-651.15,-0.033,186,-2.79,1.84,normal
LW,2024-12-19,short,61.54,61.26539999999999,487,trail,128.86,0.0043,38,-15.67,5.67,high
MU,2024-12-19,short,91.7,86.56935,327,trail,1674.45,0.0558,72,-13.3,4.21,high
LLY,2024-12-20,long,814.13,785.1564285714286,24,stop,-695.61,-0.0356,56,7.1,2.82,normal
AMGN,2024-12-20,long,261.99,253.15571428571425,76,stop,-672.17,-0.0338,29,2.99,2.94,normal
BA,2024-12-30,short,174.3503,173.28079999999997,114,trail,120.78,0.0061,72,-3.87,1.66,normal
SOFI,2025-01-02,short,15.15,14.185132499999998,1320,trail,1260.43,0.063,70,-2.6,1.7,normal
RIVN,2025-01-03,long,13.68,13.87865,1461,trail,275.62,0.0138,30,4.98,3.43,normal
MRNA,2025-01-07,long,44.22,46.757556,452,trail,1142.46,0.0572,77,3.12,2.87,normal
NVDA,2025-01-07,long,152.72,147.58214285714286,130,stop,-669.22,-0.0337,86,2.41,1.74,normal
STZ,2025-01-10,short,205.16,200.82142857142856,146,stop,631.97,0.0211,1,-7.38,5.13,high
PCG,2025-01-10,short,18.68,18.268571428571427,1605,stop,644.29,0.0215,1,-6.65,5.19,high
MRNA,2025-01-13,short,33.8,32.683,887,trail,981.91,0.0328,66,-21.18,3.87,high
CVS,2025-01-13,long,47.16,48.35821428571427,424,target,503.8,0.0252,53,4.86,1.55,normal
URI,2025-01-14,long,706.06,717.6492857142855,28,target,324.22,0.0164,20,5.49,1.68,normal
HOOD,2025-01-14,long,40.48,41.53745,494,trail,517.44,0.0259,61,5.58,1.63,normal
IQV,2025-01-14,short,200.0,199.89409999999998,100,trail,9.59,0.0005,202,-2.77,1.71,normal
BLDR,2025-01-15,long,159.4535,161.26238571428573,125,stop,224.86,0.0113,1,7.49,2.27,normal
WFC,2025-01-15,long,72.27,72.13499999999999,276,stop,-40.02,-0.002,4,5.85,2.23,normal
GS,2025-01-15,long,571.39,571.6192857142858,35,stop,7.68,0.0004,1,4.63,2.59,normal
C,2025-01-15,long,74.4,74.6039,268,trail,51.97,0.0026,35,3.67,3.49,normal
PNC,2025-01-16,short,187.96,182.82857142857142,106,stop,542.87,0.0272,1,-7.45,2.56,normal
TGT,2025-01-16,short,125.41,125.22,159,stop,28.62,0.0014,1,-4.47,2.13,normal
JBHT,2025-01-17,short,169.74,171.52,176,eod,-315.04,-0.0105,364,-6.02,4.35,high
STT,2025-01-17,short,94.62,94.75714285714285,211,stop,-31.05,-0.0016,3,-4.81,2.02,normal
WBA,2025-01-21,short,11.7,10.9511395,1709,trail,1262.71,0.0632,79,-6.39,2.02,normal
SCHW,2025-01-21,long,78.52,80.0017,254,trail,373.81,0.0187,100,3.16,2.93,normal
NFLX,2025-01-22,long,100.0,97.37785714285714,300,stop,-789.64,-0.0263,60,14.75,4.26,high
ORCL,2025-01-22,long,188.79,185.48785714285714,158,stop,-523.32,-0.0175,61,10.98,5.52,high
EA,2025-01-23,short,117.83,119.16499999999999,254,stop,-341.63,-0.0114,58,-17.46,8.48,high
AAL,2025-01-23,short,17.52,17.960985714285716,1712,stop,-772.09,-0.0257,24,-7.29,3.75,high
GE,2025-01-23,long,202.07,202.8903,98,trail,79.41,0.004,95,6.93,2.75,normal
CEG,2025-01-27,short,296.9,293.74099999999993,101,trail,318.05,0.0106,34,-15.82,3.7,high
AVGO,2025-01-27,short,214.89,212.8861,139,trail,277.15,0.0093,62,-12.79,3.57,high
GEV,2025-01-28,long,352.16,326.635,85,stop,-2170.48,-0.0725,69,6.49,3.08,high
TER,2025-01-30,short,117.93,106.26785714285714,254,stop,2959.64,0.0988,1,-16.43,3.63,high
WHR,2025-01-30,short,106.56,105.97964285714285,281,target,160.27,0.0054,4,-14.47,5.61,high
UPS,2025-01-30,short,106.27,106.04719999999999,282,trail,60.01,0.002,55,-12.25,9.67,high
IBM,2025-01-30,long,243.22,249.51035,123,trail,772.48,0.0258,161,9.35,4.15,high
APTV,2025-02-03,short,59.01,58.447228571428575,338,stop,186.84,0.0094,1,-9.05,1.89,normal
PLTR,2025-02-04,long,103.81,105.1388015,288,trail,379.81,0.0127,93,22.76,3.22,high
MRK,2025-02-04,short,88.56,87.66071428571428,338,stop,300.58,0.01,1,-10.81,4.48,high
PYPL,2025-02-04,short,81.97,81.0985,365,trail,314.45,0.0105,123,-8.11,6.95,high
JCI,2025-02-05,long,82.42,84.35214285714287,242,stop,465.16,0.0233,1,12.7,2.86,normal
TPR,2025-02-06,long,83.99,83.95357142857142,357,stop,-16.58,-0.0006,1,19.58,3.28,high
RL,2025-02-06,long,274.03,274.84000000000003,109,stop,87.2,0.0029,1,14.66,3.46,high
EXPE,2025-02-07,long,190.09,198.72750000000002,157,target,1354.52,0.0454,45,12.84,5.08,high
LYFT,2025-02-12,short,12.5,12.484499999999999,2400,trail,13.2,0.0004,16,-14.7,5.09,high
KHC,2025-02-12,short,25.79,26.172142857142855,775,stop,-303.91,-0.0152,72,-6.91,2.08,normal
MGM,2025-02-13,long,37.9,37.73072142857143,791,stop,-141.81,-0.0047,4,12.16,3.89,high
HOOD,2025-02-13,long,63.7504,64.5282365,470,trail,360.88,0.012,72,11.05,3.4,high
ZTS,2025-02-13,short,155.72,155.39649999999997,192,trail,60.19,0.002,32,-6.83,4.69,high
ZBRA,2025-02-13,short,336.0,340.07405,89,stop,-363.48,-0.0122,2,-6.64,3.07,high
DVA,2025-02-14,short,160.34,158.4467,187,stop,352.18,0.0117,1,-13.02,8.93,high
ABNB,2025-02-14,long,159.85,161.3763915,187,trail,283.57,0.0095,172,12.16,4.63,high
PLTR,2025-02-20,short,108.25,101.93664285714286,184,target,1159.82,0.0582,60,-8.17,2.61,normal
UNH,2025-02-21,short,434.57,433.44559999999996,69,trail,76.89,0.0026,48,-12.51,5.11,high
COIN,2025-02-21,long,268.2,251.23515,74,stop,-1256.14,-0.0633,225,4.05,1.95,normal
ANET,2025-02-24,short,96.54,95.74494999999999,207,trail,162.51,0.0081,56,-4.32,1.87,normal
RIVN,2025-02-24,short,12.65,11.911024999999999,1581,trail,1152.51,0.0576,100,-3.66,2.02,normal
SOLV,2025-02-25,long,77.35,77.36690714285714,258,stop,1.78,0.0001,1,3.53,4.23,normal
AXON,2025-02-26,long,567.0,586.3706970000001,52,trail,1006.76,0.0341,26,17.78,3.17,high
KEYS,2025-02-26,short,164.47,160.88599999999997,121,target,432.45,0.0217,5,-6.07,2.71,normal
FSLR,2025-02-26,long,152.69,163.476,130,target,1400.88,0.0706,45,4.88,2.97,normal
KR,2025-03-03,short,62.22,61.03964285714286,321,target,375.68,0.0188,10,-3.13,1.86,normal
AFRM,2025-03-04,short,58.1301,57.002095499999996,344,trail,384.59,0.0192,100,-5.44,1.53,normal
CPB,2025-03-05,short,36.47,36.022349999999996,548,trail,239.83,0.012,17,-4.9,2.52,normal
COO,2025-03-07,short,85.025,84.31604999999999,235,trail,164.25,0.0082,8,-5.28,2.98,normal
AVGO,2025-03-07,long,197.13,191.24,101,eod,-595.9,-0.0299,390,4.61,2.78,normal
HOOD,2025-03-10,short,40.32,38.43805,496,trail,928.49,0.0464,68,-7.87,2.08,normal
TQQQ,2025-03-10,short,31.71,30.470299999999998,630,trail,774.71,0.0388,119,-5.06,2.25,normal
COIN,2025-03-10,short,204.98,204.06067499999997,97,trail,88.2,0.0044,12,-5.69,1.74,normal
EMR,2025-03-10,short,111.54,110.01,179,eod,272.08,0.0136,389,-4.65,2.02,normal
ISRG,2025-03-10,short,502.55,493.6350999999999,39,trail,347.29,0.0177,128,-2.77,3.28,normal
ORCL,2025-03-11,short,141.63,139.31889999999999,141,trail,324.46,0.0162,7,-3.61,2.79,normal
VST,2025-03-12,long,120.14,121.06635,166,trail,152.11,0.0076,24,4.53,1.52,normal
VZ,2025-03-12,short,39.13,39.87,511,eod,-383.25,-0.0192,390,-3.07,1.98,normal
TNA,2025-03-12,long,30.95,29.94,646,eod,-658.92,-0.033,390,3.39,1.63,normal
ADBE,2025-03-13,short,400.21,378.58,74,eod,1599.88,0.054,390,-7.6,4.76,high
CCI,2025-03-14,long,97.39,99.79,205,eod,489.95,0.0245,390,7.21,2.97,normal
INCY,2025-03-17,short,59.5882,62.21262142857143,503,stop,-1325.11,-0.0442,213,-11.58,3.3,high
AFRM,2025-03-17,short,45.74,44.294498499999996,655,trail,940.25,0.0314,10,-7.13,4.1,high
BA,2025-03-19,long,167.0,170.1686,119,trail,375.87,0.0189,224,2.32,1.83,normal
ACN,2025-03-20,short,288.99,299.1257142857143,103,stop,-1045.01,-0.0351,68,-8.73,3.22,high
DRI,2025-03-20,long,192.49,194.2026,103,trail,175.37,0.0088,104,5.45,2.5,normal
SOLV,2025-03-20,long,78.1,79.0561,256,trail,242.2,0.0121,67,2.19,1.53,normal
LEN,2025-03-21,short,110.8,113.2,270,eod,-650.7,-0.0218,390,-5.91,4.43,high
MU,2025-03-21,short,97.21,95.38969999999999,205,trail,371.11,0.0186,11,-4.66,3.11,normal
NUE,2025-03-21,short,123.06,119.48579999999998,162,trail,577.4,0.029,215,-3.29,3.76,normal
LMT,2025-03-24,short,413.56,423.37,48,eod,-471.36,-0.0237,388,-3.2,1.69,normal
FDX,2025-03-24,long,231.32,238.03,86,eod,576.2,0.029,389,2.03,1.97,normal
IP,2025-03-25,long,52.64,53.47565,379,trail,312.92,0.0157,120,3.95,1.96,normal
CCI,2025-03-25,short,97.33,96.01899999999999,205,trail,266.71,0.0134,13,-2.68,1.55,normal
CTAS,2025-03-26,long,204.64,207.43115,97,trail,269.77,0.0136,63,5.72,2.07,normal
PAYX,2025-03-26,long,142.55,140.295,140,stop,-317.1,-0.0159,2,3.25,1.86,normal
DLTR,2025-03-27,long,72.085,74.37735,277,trail,632.21,0.0317,84,2.24,3.22,normal
APTV,2025-03-27,short,63.18,62.63565,316,trail,168.85,0.0085,25,-2.89,1.67,normal
LULU,2025-03-28,short,296.77,292.134052,101,trail,467.22,0.0156,112,-11.85,7.08,high
WRB,2025-03-28,long,69.38,73.15499999999997,432,target,1626.48,0.0543,8,6.86,5.15,high
MRNA,2025-03-31,short,28.095,27.25275,711,trail,591.73,0.0296,22,-7.17,2.21,normal
LULU,2025-03-31,short,285.88,283.06,69,eod,193.89,0.0098,390,-2.36,1.83,normal
KEYS,2025-03-31,short,146.23,149.77,136,eod,-482.8,-0.0243,347,-2.1,1.53,normal
TSLA,2025-04-02,short,252.23,271.81701428571427,79,stop,-1548.16,-0.0777,110,-5.16,1.62,normal
LW,2025-04-03,long,57.91,57.9771,518,trail,29.58,0.001,28,10.69,4.11,high
SWK,2025-04-03,short,68.24,64.75699999999999,439,trail,1524.65,0.0509,130,-7.51,3.45,high
GEHC,2025-04-04,short,61.58,59.13389999999999,487,trail,1186.38,0.0396,8,-11.99,4.46,high
TNA,2025-04-07,short,18.57,18.259849999999997,1615,trail,484.74,0.0162,16,-11.33,3.53,high
TQQQ,2025-04-07,short,18.22,17.95535,1646,trail,419.15,0.014,9,-10.57,3.6,high
SQQQ,2025-04-07,long,265.22,269.36795,75,trail,310.35,0.0156,16,10.52,2.38,normal
TZA,2025-04-07,long,24.35,24.55605,821,trail,160.96,0.0081,16,11.36,2.0,normal
HUM,2025-04-08,long,289.67,281.01214285714286,103,stop,-892.79,-0.0299,6,14.69,3.39,high
UNH,2025-04-08,long,571.56,558.1885714285714,34,stop,-454.97,-0.0234,4,10.95,2.57,normal
SQQQ,2025-04-08,short,213.7,209.81064999999998,93,trail,360.78,0.0182,73,-10.11,2.11,normal
TQQQ,2025-04-08,long,22.63,22.891399999999997,883,trail,221.99,0.0111,74,10.04,2.06,normal
DXCM,2025-04-10,long,73.28,69.22071428571428,272,stop,-1106.85,-0.0555,103,8.92,1.95,normal
APA,2025-04-10,short,14.83,13.85475,1348,trail,1301.16,0.0651,45,-5.97,2.71,normal
HII,2025-04-11,long,206.15,210.8294,97,trail,452.93,0.0227,277,3.87,2.04,normal
ON,2025-04-11,short,33.35,33.185424999999995,599,trail,92.59,0.0046,9,-3.2,1.85,normal
CRL,2025-04-14,long,102.0,102.46955,196,trail,90.07,0.0045,35,4.34,1.98,normal
NFLX,2025-04-15,long,95.22,97.74155,210,trail,527.43,0.0264,384,2.01,1.55,normal
JBHT,2025-04-16,short,125.89,123.79954999999998,158,trail,328.71,0.0165,112,-5.26,2.09,normal
ABT,2025-04-16,long,130.02,130.24654999999998,153,trail,33.13,0.0017,173,2.76,1.77,normal
UNH,2025-04-17,short,470.93,445.79814999999996,63,trail,1582.68,0.0533,106,-17.62,4.98,high
COF,2025-04-21,long,167.91,162.88,119,eod,-599.76,-0.03,390,3.87,2.26,normal
ENPH,2025-04-23,short,46.09,46.009949999999996,650,trail,45.53,0.0015,7,-11.36,6.3,high
NOW,2025-04-24,long,180.2,185.31789999999998,110,trail,561.87,0.0283,51,10.78,2.94,normal
ALLE,2025-04-24,long,140.15,133.72785714285715,142,stop,-913.36,-0.0459,4,10.4,2.19,normal
HAS,2025-04-24,long,55.99,57.4058,357,trail,501.87,0.0251,21,7.53,2.88,normal
IBM,2025-04-24,short,222.88,222.51844999999997,89,trail,31.29,0.0016,112,-5.83,2.98,normal
TMUS,2025-04-25,short,238.12,228.91,83,eod,763.6,0.0386,390,-7.26,2.85,normal
CHTR,2025-04-25,long,366.63,373.65,54,eod,378.54,0.0191,378,7.21,1.79,normal
ODFL,2025-04-25,short,147.05,146.07879999999997,136,trail,130.72,0.0065,305,-6.05,2.1,normal
REGN,2025-04-29,short,546.83,565.87,36,eod,-685.8,-0.0348,378,-8.04,2.38,normal
ZBRA,2025-04-29,long,264.49,256.05,75,eod,-633.75,-0.0319,358,7.65,1.99,normal
PCAR,2025-04-29,short,83.74,88.02428571428572,238,stop,-1022.04,-0.0513,252,-5.84,2.33,normal
NXPI,2025-04-29,short,177.68,180.52,112,eod,-319.2,-0.016,390,-7.51,1.64,normal
SNAP,2025-04-30,short,7.7,7.589662499999999,3896,trail,390.91,0.013,52,-14.52,3.63,high
SBUX,2025-04-30,short,73.67,77.85357142857143,407,stop,-1706.78,-0.0569,282,-10.0,3.22,high
GRMN,2025-04-30,short,178.1,184.55,112,eod,-723.52,-0.0363,374,-8.88,2.54,normal
NCLH,2025-04-30,short,15.63,15.580249999999998,1279,trail,50.84,0.0025,41,-10.01,1.97,normal
BDX,2025-05-01,short,142.83,141.1662,210,trail,347.3,0.0116,9,-9.3,5.17,high
PWR,2025-05-01,long,323.63,324.6166,61,trail,59.57,0.003,157,9.4,2.41,normal
TTWO,2025-05-02,short,213.07,220.97305,140,stop,-1107.83,-0.0371,136,-8.81,4.28,high
GDDY,2025-05-02,short,171.09,177.6920857142857,116,stop,-767.0,-0.0386,4,-10.22,1.81,normal
DXCM,2025-05-02,long,75.27,79.73575,265,trail,1180.77,0.0592,48,7.12,2.21,normal
HOLX,2025-05-02,short,54.8774,53.26719999999999,364,trail,582.47,0.0292,15,-3.44,2.19,normal
ZBH,2025-05-05,short,97.02,92.1214,206,trail,1007.05,0.0504,14,-2.73,2.99,normal
ON,2025-05-05,short,39.3834,38.270574999999994,507,trail,559.13,0.028,24,-3.33,2.0,normal
VRTX,2025-05-06,short,459.44,452.67284649999993,65,trail,439.21,0.0147,7,-6.92,4.91,high
PLTR,2025-05-06,short,110.56,106.96069999999999,180,trail,646.07,0.0325,53,-8.94,1.76,normal
DASH,2025-05-06,short,193.75,190.31747349999998,103,trail,352.52,0.0177,12,-5.67,2.36,normal
DIS,2025-05-07,long,101.46,100.98,295,eod,-144.55,-0.0048,390,11.12,3.22,high
ROK,2025-05-07,long,276.2,277.42524999999995,72,trail,87.5,0.0044,41,10.65,2.15,normal
DAY,2025-05-07,short,54.665,53.338249999999995,365,trail,480.61,0.0241,4,-6.01,2.84,normal
FTNT,2025-05-08,short,97.02,94.68934999999999,309,trail,717.08,0.0239,28,-8.55,3.31,high
TAP,2025-05-08,short,49.96,51.49071428571429,600,stop,-924.43,-0.0308,21,-7.9,3.24,high
AXON,2025-05-08,long,668.47,687.3921,44,trail,832.13,0.0283,250,7.4,3.09,high
PODD,2025-05-09,long,306.01,310.67,98,eod,455.7,0.0152,383,14.02,4.62,high
LYFT,2025-05-09,long,15.145,15.489125,1980,trail,661.57,0.0221,15,12.73,8.75,high
EXPE,2025-05-09,short,149.0,154.93,201,eod,-1193.94,-0.0399,390,-9.7,3.1,high
AFRM,2025-05-09,short,50.05,50.009049999999995,599,trail,18.54,0.0006,10,-6.93,4.76,high
MCHP,2025-05-09,long,55.81,53.74,358,eod,-744.64,-0.0373,390,13.43,1.85,normal
NRG,2025-05-12,long,137.27,145.97699999999998,218,trail,1895.95,0.0634,142,14.8,4.56,high
SWK,2025-05-12,long,69.17,69.43265,289,trail,73.02,0.0037,58,12.5,2.27,normal
ZBRA,2025-05-12,long,297.745,300.11,67,eod,157.79,0.0079,366,8.71,2.52,normal
AFRM,2025-05-12,long,50.02,50.89495,399,trail,345.12,0.0173,57,7.68,2.51,normal
COIN,2025-05-13,long,232.325,257.9175178571428,129,target,3300.14,0.1101,305,11.82,5.07,high
ENPH,2025-05-13,short,44.42,45.5,450,eod,-490.5,-0.0245,390,-5.57,2.89,normal
UNH,2025-05-14,long,314.88,300.98857142857145,63,stop,-875.79,-0.0441,389,3.23,3.3,normal
DE,2025-05-15,long,519.03,511.08,38,eod,-302.48,-0.0153,388,3.99,2.91,normal
CSCO,2025-05-15,long,62.53,63.60144999999999,319,trail,338.6,0.017,139,2.91,3.14,normal
WMT,2025-05-15,short,93.19,92.96385,214,trail,46.26,0.0023,27,-2.61,2.63,normal
AMAT,2025-05-16,short,165.24,163.12064999999998,121,trail,255.23,0.0128,224,-3.61,2.44,normal
COIN,2025-05-16,long,253.75,261.8918,78,trail,634.28,0.032,61,2.17,6.59,normal
POOL,2025-05-16,long,317.25,318.01,63,eod,47.25,0.0024,280,2.07,1.51,normal
PANW,2025-05-21,short,182.675,181.81695,109,trail,92.44,0.0046,20,-5.0,4.12,normal
NEE,2025-05-22,short,65.81,63.102549999999994,303,trail,817.33,0.041,139,-3.7,3.1,normal
AES,2025-05-22,short,9.432,9.27507,2120,trail,311.49,0.0156,11,-2.77,2.22,normal
DECK,2025-05-23,short,96.96,102.67847857142857,309,stop,-1770.1,-0.0591,221,-22.33,6.84,high
CPRT,2025-05-23,short,56.99,53.42144642857145,526,target,1871.8,0.0624,95,-5.31,4.88,high
CRM,2025-05-29,short,255.33,265.92,78,eod,-826.8,-0.0415,390,-4.51,4.67,normal
LYV,2025-05-29,short,135.9,136.15,147,eod,-38.22,-0.0019,390,-3.07,4.55,normal
REGN,2025-05-30,short,508.0,500.6690499999999,59,trail,431.94,0.0144,8,-14.49,5.1,high
ULTA,2025-05-30,long,477.8,483.85948149999996,62,trail,375.07,0.0127,20,10.99,6.23,high
COO,2025-05-30,short,71.0,66.99507499999999,422,trail,1685.86,0.0563,10,-9.98,4.25,high
SWK,2025-05-30,short,62.58,63.12,319,eod,-175.45,-0.0088,387,-2.01,3.96,normal
STLD,2025-06-02,long,134.91,138.32355,148,trail,503.73,0.0252,14,10.18,2.4,normal
OMC,2025-06-02,short,69.1,68.51,289,eod,167.62,0.0084,390,-2.69,2.57,normal
DG,2025-06-03,long,106.7,107.27635,281,trail,159.14,0.0053,16,10.07,4.31,high
VST,2025-06-03,long,174.85,175.35,114,eod,55.86,0.0028,390,4.5,1.59,normal
DLTR,2025-06-04,short,89.38,89.07639999999999,335,trail,98.36,0.0033,17,-5.99,4.19,high
DLTR,2025-06-05,long,92.9,95.93900000000001,215,trail,651.24,0.0326,157,3.15,2.72,normal
MU,2025-06-05,long,107.4,105.99,186,eod,-264.12,-0.0132,390,2.95,1.56,normal
WBD,2025-06-09,long,10.7883,10.889175,2780,trail,252.63,0.0084,8,8.15,4.15,high
ISRG,2025-06-09,short,527.0,506.94174999999996,37,trail,741.79,0.038,14,-4.59,3.52,normal
HOOD,2025-06-09,short,70.23,69.82185,284,trail,113.07,0.0057,15,-3.77,1.76,normal
SJM,2025-06-10,short,101.07,93.89142857142855,296,target,2121.9,0.0709,52,-6.12,12.95,high
LMT,2025-06-11,short,452.95,441.42349999999993,44,trail,506.73,0.0254,36,-2.67,2.84,normal
BRO,2025-06-11,short,102.17,103.86,195,eod,-331.5,-0.0166,390,-2.08,13.47,normal
UPST,2025-06-11,long,60.295,60.4987,331,trail,64.11,0.0032,14,2.51,1.55,normal
AMD,2025-06-16,long,118.941,126.24,168,eod,1224.55,0.0613,390,2.13,2.79,normal
EL,2025-06-16,long,68.24,73.79,293,eod,1623.22,0.0812,390,2.28,1.81,normal
ENPH,2025-06-17,short,35.1499,33.7589,853,trail,1177.99,0.0393,11,-21.35,4.73,high
JBL,2025-06-17,long,191.69,197.0,104,trail,551.2,0.0276,8,2.42,5.39,normal
UPST,2025-06-18,long,55.83,58.8045985,358,trail,1061.33,0.0531,239,3.98,2.28,normal
ZTS,2025-06-18,short,154.9,153.35,129,eod,198.66,0.0099,390,-2.83,1.72,normal
ACN,2025-06-20,short,273.19,282.4692857142857,109,stop,-1012.53,-0.034,8,-8.14,4.01,high
KR,2025-06-20,long,67.13,69.68535714285713,297,target,755.97,0.0379,84,4.09,5.15,normal
COIN,2025-06-20,long,306.6277,308.0,65,eod,88.55,0.0044,390,2.81,3.16,normal
BLDR,2025-06-20,long,110.0,114.82,181,eod,870.61,0.0437,390,2.6,3.85,normal
NTRS,2025-06-23,long,117.11,119.1653,256,trail,523.6,0.0175,54,6.4,8.88,high
OXY,2025-06-23,long,46.4,45.105714285714285,431,stop,-562.15,-0.0281,51,2.75,2.46,normal
NCLH,2025-06-23,short,18.31,18.035331999999997,1092,trail,289.02,0.0145,6,-2.33,2.33,normal
EL,2025-06-23,long,77.07,77.99,259,eod,235.69,0.0118,390,2.88,1.73,normal
DOW,2025-06-23,short,26.1,25.82,766,eod,206.82,0.0103,390,-2.02,1.7,normal
CCL,2025-06-24,long,25.35,25.984299999999998,788,trail,491.95,0.0246,100,4.26,3.05,normal
NCLH,2025-06-24,long,19.58,19.685225,1021,trail,97.22,0.0049,99,3.76,1.95,normal
FDX,2025-06-25,short,215.66,220.25142857142856,92,stop,-423.33,-0.0213,72,-4.76,4.07,normal
PAYX,2025-06-25,short,139.07,135.53295,143,trail,504.37,0.0254,88,-4.58,4.94,normal
EQIX,2025-06-26,short,768.51,730.74925,26,trail,981.52,0.0491,6,-4.04,7.11,normal
ENPH,2025-06-26,long,41.49,41.567,482,trail,32.29,0.0016,19,6.27,1.81,normal
FCX,2025-06-26,long,43.12,43.97,463,eod,388.92,0.0195,390,4.25,1.87,normal
NKE,2025-06-27,long,69.82,70.35855000000001,429,trail,226.75,0.0076,27,11.6,7.97,high
EL,2025-06-27,long,81.43,79.23,245,eod,-541.45,-0.0271,390,3.13,2.45,normal
EQIX,2025-06-27,long,755.67,771.5,26,eod,411.32,0.0209,376,2.46,2.94,normal
WYNN,2025-07-01,long,97.78,101.27,204,eod,709.92,0.0356,390,3.41,2.47,normal
SNAP,2025-07-01,long,9.04,9.283625,2212,trail,516.78,0.0258,67,3.57,2.2,normal
DXCM,2025-07-01,short,83.04,83.58,240,eod,-132.0,-0.0066,390,-4.71,1.57,normal
WBD,2025-07-01,short,10.875,10.94,1839,eod,-137.92,-0.0069,390,-4.45,1.51,normal
CNC,2025-07-02,short,37.1898,37.108399999999996,806,trail,57.55,0.0019,13,-34.09,18.89,high
MOH,2025-07-02,short,267.55,257.4446,112,trail,1130.68,0.0377,7,-12.6,5.21,high
STZ,2025-07-02,long,167.98,170.15,119,eod,257.04,0.0129,390,2.75,2.38,normal
SNPS,2025-07-03,long,546.3499,546.3066,36,eod,-1.92,-0.0001,217,4.13,1.7,normal
PTC,2025-07-10,short,197.99,190.21099999999998,151,trail,1173.12,0.0392,15,-5.76,6.42,high
CAG,2025-07-10,short,18.29,18.715714285714284,1640,stop,-714.57,-0.0238,2,-5.15,3.19,high
ANSS,2025-07-14,long,394.705,387.06652142857143,76,stop,-581.28,-0.0194,138,5.21,7.23,high
HSIC,2025-07-14,short,70.27,70.20247499999999,284,trail,16.34,0.0008,3,-4.14,2.07,normal
STT,2025-07-15,short,103.92,105.88642857142857,192,stop,-379.47,-0.019,53,-4.11,2.75,normal
WFC,2025-07-15,short,79.24,77.61,252,eod,408.24,0.0204,390,-3.21,3.01,normal
AMD,2025-07-15,long,154.74,156.0043,129,trail,161.8,0.0081,28,5.14,1.66,normal
PLD,2025-07-16,long,111.12,108.32571428571428,179,stop,-501.97,-0.0252,235,3.8,2.85,normal
JNJ,2025-07-16,long,158.41,158.73275,126,trail,39.41,0.002,6,3.3,2.68,normal
LRCX,2025-07-16,short,97.22,99.21642857142857,205,stop,-411.32,-0.0206,248,-3.31,1.52,normal
ABT,2025-07-17,short,124.23,121.02859999999998,160,trail,510.62,0.0257,48,-3.94,4.35,normal
UAL,2025-07-17,long,92.6375,92.8461,215,trail,42.7,0.0021,25,3.86,2.99,normal
PEP,2025-07-17,long,138.48,141.38,144,eod,416.16,0.0209,390,4.69,2.38,normal
ELV,2025-07-17,short,325.49,299.25244999999995,61,trail,1599.88,0.0806,37,-3.06,3.9,normal
CSX,2025-07-17,long,34.11,34.12,586,eod,-0.0,-0.0,390,3.34,2.08,normal
IVZ,2025-07-18,long,17.54,18.77214285714285,1140,target,1393.24,0.0697,52,3.57,7.16,normal
RF,2025-07-18,long,25.1,25.25,796,eod,111.44,0.0056,390,4.08,2.4,normal
NSC,2025-07-18,long,274.32,272.8,72,eod,-110.16,-0.0056,390,3.05,4.4,normal
SCHW,2025-07-18,long,95.28,94.72,209,eod,-119.13,-0.006,390,2.8,2.79,normal
DPZ,2025-07-21,long,487.17,475.17928571428575,41,stop,-492.03,-0.0246,8,4.94,3.83,normal
XRAY,2025-07-21,long,15.78,15.230714285714285,1267,stop,-708.62,-0.0354,385,3.08,2.3,normal
VZ,2025-07-21,long,40.58,40.9957,492,trail,199.6,0.01,387,2.71,2.48,normal
EQT,2025-07-21,short,56.63,53.11,353,eod,1239.03,0.062,390,-2.35,1.73,normal
LMT,2025-07-22,short,411.94,421.6614285714286,72,stop,-700.66,-0.0236,30,-8.2,6.48,high
IQV,2025-07-22,long,172.5,183.9192,173,trail,1973.79,0.0661,42,7.78,3.51,high
PM,2025-07-22,short,165.08,162.9278,181,trail,387.74,0.013,14,-6.02,4.07,high
FI,2025-07-23,short,134.96,131.44757499999997,222,trail,777.54,0.026,30,-17.46,7.14,high
LW,2025-07-23,long,55.36,55.54415,541,trail,94.22,0.0031,12,14.02,4.22,high
OTIS,2025-07-23,short,86.96,89.32071428571429,344,stop,-815.53,-0.0273,21,-11.87,6.17,high
TMO,2025-07-23,long,479.21,465.94,62,eod,-823.36,-0.0277,390,10.67,3.24,high
TXN,2025-07-23,short,188.94,186.30325,158,trail,415.03,0.0139,54,-9.32,5.28,high
LKQ,2025-07-24,short,32.42,29.71107142857144,925,target,2496.51,0.0832,17,-13.63,9.33,high
CMG,2025-07-24,short,45.595,45.73,657,eod,-95.26,-0.0032,390,-12.47,6.08,high
MOH,2025-07-24,short,172.3,165.47545,174,trail,1185.73,0.0396,202,-8.96,3.69,high
EW,2025-07-25,long,82.095,80.11160714285714,365,stop,-727.59,-0.0243,14,7.52,3.86,high
NEM,2025-07-25,long,63.8,64.78345,313,trail,304.69,0.0153,92,3.85,2.56,normal
RVTY,2025-07-28,short,93.7,94.91,320,eod,-390.4,-0.013,390,-9.4,3.98,high
WHR,2025-07-29,short,81.47,85.97,368,stop,-1659.68,-0.0554,12,-12.66,9.91,high
SOFI,2025-07-29,long,23.42,24.5547695,1280,trail,1439.7,0.048,5,9.94,3.39,high
CARR,2025-07-29,short,73.36,72.33904999999999,408,trail,412.47,0.0138,69,-7.86,3.26,high
GLW,2025-07-29,long,58.36,61.14035714285714,514,target,1423.96,0.0475,67,6.25,4.17,high
TER,2025-07-30,long,107.06,107.759,280,trail,192.92,0.0064,57,16.76,5.56,high
GNRC,2025-07-30,long,165.32,161.31831428571428,181,stop,-726.12,-0.0243,2,9.04,5.5,high
RBLX,2025-07-31,long,150.205,144.62569285714287,199,stop,-1112.27,-0.0372,5,19.74,3.07,high
EBAY,2025-07-31,long,88.78,90.4033,337,trail,543.68,0.0182,282,13.71,4.29,high
EMN,2025-08-01,short,61.7,56.119642857142864,486,target,2707.19,0.0903,71,-12.18,5.51,high
IR,2025-08-01,short,78.47,74.96789999999999,382,trail,1333.98,0.0445,95,-6.42,4.44,high
KMB,2025-08-01,long,128.94,126.32714285714286,155,stop,-406.54,-0.0203,63,6.47,2.51,normal
IDXX,2025-08-04,long,670.63,648.8748928571429,44,stop,-957.66,-0.0325,7,23.66,5.99,high
TSN,2025-08-04,long,53.56,52.402142857142856,373,stop,-435.61,-0.0218,18,4.04,2.29,normal
ZTS,2025-08-04,long,150.66,150.64,132,eod,-3.96,-0.0002,390,2.63,1.9,normal
IT,2025-08-05,short,242.12,235.23132499999997,123,trail,846.08,0.0284,44,-27.98,4.82,high
AXON,2025-08-05,long,825.0,868.6518,36,trail,1571.1,0.0529,4,9.82,4.01,high
ETN,2025-08-05,short,359.42,358.10215,83,trail,108.55,0.0036,9,-6.19,3.19,high
SNAP,2025-08-06,short,7.4065,7.8,4050,eod,-1634.17,-0.0545,390,-20.13,4.58,high
MOS,2025-08-06,short,31.46,32.378571428571426,953,stop,-884.93,-0.0295,26,-10.45,4.31,high
ANET,2025-08-06,long,135.12,139.5,148,eod,646.76,0.0323,390,13.27,2.78,normal
EMR,2025-08-06,short,129.03,124.26644999999999,232,trail,1102.82,0.0368,44,-6.96,4.26,high
FTNT,2025-08-07,short,73.83,71.28852499999999,406,trail,1027.78,0.0343,37,-23.07,11.51,high
LLY,2025-08-07,short,670.3,640.5157499999999,44,trail,1310.07,0.0444,192,-9.47,7.08,high
ABNB,2025-08-07,short,120.335,119.14069999999998,249,trail,294.89,0.0098,366,-7.75,4.2,high
MCHP,2025-08-08,short,59.64,60.56,335,eod,-311.55,-0.0156,390,-7.0,2.29,normal
MNST,2025-08-08,long,66.0,64.69,303,eod,-399.96,-0.02,390,7.73,1.98,normal
GEN,2025-08-08,long,29.34,30.906071428571423,681,target,1059.68,0.053,60,4.95,3.1,normal
ALB,2025-08-11,long,85.29,79.32214285714286,234,stop,-1398.82,-0.0701,376,12.3,2.31,normal
MU,2025-08-11,long,126.47,123.6,158,eod,-455.04,-0.0228,390,5.11,1.6,normal
INTC,2025-08-11,long,20.615,20.7505025,970,trail,121.74,0.0061,25,2.48,2.05,normal
CE,2025-08-12,short,38.69,37.5956,775,trail,840.41,0.028,27,-15.65,6.75,high
CAH,2025-08-12,short,139.48,139.21739999999997,215,trail,54.31,0.0018,13,-10.57,4.19,high
UAL,2025-08-12,long,92.82,98.47,215,eod,1212.6,0.0608,390,2.98,1.66,normal
DAL,2025-08-12,long,55.07,58.1,363,eod,1096.26,0.0548,390,2.29,2.0,normal
KR,2025-08-13,short,69.31,68.6952,288,trail,174.18,0.0087,6,-4.0,2.68,normal
AMD,2025-08-13,long,181.34,183.7177675,110,trail,260.45,0.0131,70,2.84,1.61,normal
TPR,2025-08-14,short,94.44,93.56269999999999,317,trail,274.93,0.0092,19,-15.49,3.23,high
DE,2025-08-14,short,480.07,475.65944999999994,62,trail,272.83,0.0092,20,-5.56,4.42,high
AMCR,2025-08-14,short,44.61,41.980399999999996,448,trail,1173.58,0.0587,35,-4.73,4.52,normal
CSCO,2025-08-14,short,66.81,68.61714285714287,299,stop,-543.33,-0.0272,3,-3.41,1.99,normal
RBLX,2025-08-15,short,113.63,117.35,176,eod,-656.48,-0.0328,390,-9.14,2.02,normal
FSLR,2025-08-18,long,217.955,219.33,91,eod,124.22,0.0063,390,4.87,3.38,normal
INTC,2025-08-18,short,23.95,23.761048499999998,835,trail,149.42,0.0075,15,-2.28,1.83,normal
INTC,2025-08-19,long,25.23,25.9252,792,trail,542.68,0.0272,21,5.41,2.4,normal
TJX,2025-08-20,long,144.57,140.91642857142855,138,stop,-505.57,-0.0253,10,6.63,2.67,normal
KEYS,2025-08-20,short,154.52,158.51,129,eod,-516.0,-0.0259,376,-4.66,2.91,normal
WMT,2025-08-21,short,98.34,98.28244999999998,203,trail,9.65,0.0005,111,-3.08,3.36,normal
ES,2025-08-25,short,60.59,60.453399999999995,330,trail,41.78,0.0021,99,-4.55,2.99,normal
HRL,2025-08-28,short,23.91,23.6089,1254,trail,365.04,0.0122,13,-14.62,5.13,high
AFRM,2025-08-29,long,93.18,97.726775,321,trail,1456.3,0.0487,7,15.01,6.24,high
GEV,2025-09-02,short,580.62,576.8752499999999,34,trail,126.98,0.0064,97,-3.66,2.2,normal
AFRM,2025-09-02,short,85.04,84.60024999999999,235,trail,100.99,0.0051,6,-3.52,1.57,normal
DLTR,2025-09-03,short,99.375,103.60688571428571,301,stop,-1276.81,-0.0427,130,-9.47,5.12,high
GOOGL,2025-09-03,long,226.34,230.14,132,eod,500.28,0.0167,390,7.03,3.45,high
GOOG,2025-09-03,long,226.42,230.64,132,eod,555.72,0.0186,390,6.84,3.78,high
WDC,2025-09-03,long,85.35,85.8,234,eod,102.96,0.0052,390,2.67,2.07,normal
TROW,2025-09-04,long,113.8,110.63000000000001,263,stop,-836.34,-0.0279,19,9.4,4.62,high
CRM,2025-09-04,short,237.49,243.18,126,eod,-718.2,-0.024,390,-6.39,3.44,high
TXN,2025-09-04,short,180.83,185.16857142857143,110,stop,-478.34,-0.024,175,-6.12,1.96,normal
CPRT,2025-09-05,short,46.85,48.57,426,eod,-736.98,-0.0369,390,-2.42,3.06,normal
WDC,2025-09-05,long,92.4,91.92,216,eod,-105.84,-0.0053,390,2.2,3.12,normal
MU,2025-09-05,long,127.95,131.12,156,eod,492.96,0.0247,390,2.86,1.6,normal
HOOD,2025-09-08,long,111.45,114.9692,179,trail,628.15,0.0315,240,9.26,2.74,normal
TMUS,2025-09-08,short,237.52,243.0692857142857,84,stop,-466.98,-0.0234,143,-4.6,1.65,normal
FOX,2025-09-09,short,52.97,53.2,377,eod,-90.48,-0.0045,390,-4.65,7.99,normal
NWS,2025-09-09,short,32.61,32.35,613,eod,153.25,0.0077,388,-3.57,12.77,normal
FOXA,2025-09-09,short,58.62,58.49445,341,trail,39.4,0.002,10,-4.52,2.27,normal
SNPS,2025-09-10,short,422.77,413.201425,70,trail,669.1,0.0226,5,-29.22,18.26,high
CDNS,2025-09-10,short,343.78,332.19935,58,trail,671.1,0.0337,28,-3.67,4.46,normal
AVGO,2025-09-10,long,351.65,365.6714,56,trail,784.64,0.0398,213,4.41,2.14,normal
VST,2025-09-10,long,203.11,208.96775,98,trail,573.08,0.0288,272,3.48,2.66,normal
SNPS,2025-09-11,long,420.42,426.6035,71,trail,438.32,0.0147,170,7.27,6.92,high
MU,2025-09-11,long,148.85,153.4039,134,trail,608.88,0.0305,20,5.51,2.95,normal
KR,2025-09-11,long,68.74,67.00142857142856,290,stop,-507.09,-0.0254,2,2.94,1.98,normal
ANET,2025-09-12,short,146.97,145.70325,136,trail,170.92,0.0086,21,-2.52,2.16,normal
TXN,2025-09-15,short,173.17,175.61,115,eod,-281.75,-0.0141,390,-3.68,1.85,normal
STX,2025-09-15,long,201.62,209.7459,99,trail,803.47,0.0403,172,2.05,2.4,normal
WDC,2025-09-15,long,101.39,101.97705,197,trail,113.68,0.0057,234,2.85,1.67,normal
HSY,2025-09-16,long,191.26,186.54142857142855,104,stop,-491.77,-0.0247,30,3.73,2.48,normal
DRI,2025-09-18,short,187.07,186.81074999999998,160,trail,39.88,0.0013,78,-7.24,7.23,high
SNPS,2025-09-18,long,460.815,480.21,43,eod,833.55,0.0421,389,8.13,2.34,normal
LEN,2025-09-19,short,125.06,129.525,159,stop,-711.53,-0.0358,49,-4.79,5.15,normal
SNAP,2025-09-22,long,9.0799,9.1211,2202,trail,68.7,0.0034,9,10.05,2.17,normal
TER,2025-09-22,long,128.45,129.4881,155,trail,159.36,0.008,41,5.51,1.77,normal
KVUE,2025-09-23,long,17.58,16.95,1137,eod,-727.68,-0.0364,390,5.43,2.16,normal
MCK,2025-09-23,long,718.29,739.99,27,eod,585.63,0.0302,320,2.44,1.61,normal
PCAR,2025-09-26,long,99.11,98.67,201,eod,-90.45,-0.0045,389,4.55,2.14,normal
EA,2025-09-26,long,171.89,178.73285714285706,116,target,792.61,0.0398,289,2.79,5.33,normal
INTC,2025-09-26,long,35.425,35.711175000000004,564,trail,155.76,0.0078,320,3.02,2.36,normal
K,2025-09-29,long,81.14,81.39,246,eod,59.04,0.003,389,4.82,2.96,normal
WDC,2025-09-29,long,113.53,116.11179999999999,176,trail,452.64,0.0227,54,4.81,1.51,normal
CSX,2025-09-29,long,34.91,35.55,572,eod,360.36,0.018,390,2.72,2.37,normal
ETSY,2025-09-30,short,71.31,66.8885,280,trail,1235.22,0.0619,149,-3.3,2.54,normal
AES,2025-10-01,long,14.59,14.74545,2056,trail,299.05,0.01,7,13.4,6.26,high
BMY,2025-10-01,long,44.89,47.3525,445,target,1091.36,0.0546,290,2.0,2.49,normal
COIN,2025-10-02,long,355.35,362.2139515,56,trail,383.82,0.0193,47,2.48,1.77,normal
EIX,2025-10-02,short,53.27,52.68864999999999,375,trail,214.26,0.0107,268,-2.18,1.67,normal
RBLX,2025-10-03,short,125.2,122.45975,159,trail,434.11,0.0218,283,-6.2,2.17,normal
CMA,2025-10-06,long,80.81,80.91775,371,trail,36.27,0.0012,8,14.8,15.25,high
SOFI,2025-10-06,long,25.785,26.34875,775,trail,429.16,0.0215,63,2.1,1.54,normal
AMD,2025-10-07,long,217.9,211.9052,91,eod,-546.44,-0.0276,390,5.47,2.14,normal
STZ,2025-10-07,long,142.21,142.78560000000002,140,trail,79.18,0.004,26,4.18,2.12,normal
SOFI,2025-10-07,long,27.5,28.318749999999998,727,trail,587.96,0.0294,60,2.81,1.86,normal
DHI,2025-10-07,short,164.09,162.01,121,eod,250.47,0.0126,390,-2.63,1.93,normal
MOS,2025-10-10,short,30.11,30.074449999999995,664,trail,16.97,0.0008,310,-8.51,2.88,normal
MPWR,2025-10-13,long,970.89,979.98,20,eod,181.6,0.0094,274,6.98,1.53,normal
LVS,2025-10-13,short,47.36,46.893,422,trail,192.85,0.0096,16,-2.24,2.21,normal
WFC,2025-10-14,long,81.78,80.05142857142857,244,stop,-424.21,-0.0213,13,4.56,2.75,normal
SQQQ,2025-10-14,long,76.14,76.4951,262,trail,90.42,0.0045,25,3.32,1.56,normal
ANET,2025-10-14,short,140.435,139.0753,142,trail,191.66,0.0096,36,-3.03,1.58,normal
PNC,2025-10-15,short,181.61,180.68014999999997,110,trail,101.18,0.0051,116,-3.1,4.0,normal
HPE,2025-10-16,short,22.66,22.319849999999995,882,trail,291.19,0.0146,200,-8.24,2.93,normal
STT,2025-10-17,short,107.3,106.73739999999998,186,trail,102.78,0.0052,23,-3.81,2.58,normal
FITB,2025-10-17,long,41.62,40.54,480,eod,-523.2,-0.0262,390,3.82,1.6,normal
TFC,2025-10-17,long,41.35,41.69,483,eod,159.39,0.008,390,2.21,2.4,normal
WBD,2025-10-21,long,20.005,20.187575,999,trail,172.4,0.0086,15,7.42,2.26,normal
DHR,2025-10-21,long,222.6,229.81035,89,trail,640.83,0.0323,6,7.25,2.19,normal
ISRG,2025-10-22,long,544.68,531.7815071428571,55,stop,-709.97,-0.0237,10,17.34,3.48,high
NFLX,2025-10-22,short,113.35,111.6,264,eod,459.36,0.0154,390,-7.93,4.56,high
MOH,2025-10-23,short,154.36,161.0,194,eod,-1290.1,-0.0431,390,-19.52,7.35,high
WST,2025-10-23,long,299.88,312.98892857142846,66,target,864.53,0.0437,1,8.69,2.97,normal
DOW,2025-10-23,long,23.29,23.433149999999998,858,trail,114.24,0.0057,44,8.09,2.66,normal
DECK,2025-10-24,short,87.425,87.2,343,eod,73.74,0.0025,390,-13.69,6.17,high
NEM,2025-10-24,short,81.25,82.84,246,eod,-393.6,-0.0197,390,-7.17,1.82,normal
ITW,2025-10-24,short,245.76,245.55894999999998,81,trail,15.48,0.0008,36,-3.28,3.15,normal
INTC,2025-10-24,long,40.345,38.14992142857143,495,stop,-1091.51,-0.0547,94,4.87,2.0,normal
GD,2025-10-24,long,354.69,350.04785714285714,56,stop,-260.52,-0.0131,2,4.54,2.11,normal
SWKS,2025-10-28,long,85.26,87.2513,351,trail,695.44,0.0232,20,12.94,5.41,high
ARE,2025-10-28,short,67.66,63.802899999999994,443,trail,1704.27,0.0569,8,-10.39,6.94,high
QRVO,2025-10-28,long,102.345,104.40015,293,trail,599.23,0.02,24,9.08,8.84,high
FI,2025-10-29,short,68.7999,68.15725,436,trail,275.84,0.0092,10,-43.44,24.54,high
TER,2025-10-29,long,174.47,163.91071428571428,171,stop,-1807.35,-0.0606,19,17.75,3.95,high
FMC,2025-10-30,short,20.65,17.6407,1452,trail,4354.98,0.1452,15,-24.66,18.76,high
CHRW,2025-10-30,long,153.53,153.72,195,eod,35.1,0.0012,389,15.64,3.8,high
BAX,2025-10-30,short,18.75,19.540714285714287,1600,stop,-1281.14,-0.0427,115,-15.54,4.46,high
CI,2025-10-30,short,260.09,269.76928571428573,115,stop,-1114.27,-0.0373,9,-11.41,6.87,high
DXCM,2025-10-31,short,58.645,57.3069,511,trail,678.66,0.0226,130,-13.21,5.94,high
KMB,2025-11-03,short,100.4,100.18,298,eod,62.58,0.0021,390,-12.55,14.19,high
AMZN,2025-11-03,long,245.44,248.54250714285715,81,stop,250.49,0.0126,1,4.56,1.8,normal
UBER,2025-11-04,short,91.95,91.65297749999999,326,trail,93.57,0.0031,79,-7.77,3.43,high
AXON,2025-11-05,short,566.5,555.2455999999999,52,trail,584.71,0.0198,46,-20.15,8.4,high
RIVN,2025-11-05,long,13.2495,14.400928571428567,2264,target,2584.19,0.0861,134,6.68,5.82,high
KMX,2025-11-06,short,36.4862,35.931,822,trail,448.15,0.0149,59,-11.59,5.24,high
DASH,2025-11-06,short,210.6,201.74129849999997,142,trail,1256.52,0.042,99,-11.24,5.33,high
EXPE,2025-11-07,long,247.06,248.3185,121,trail,151.07,0.0051,7,12.42,4.38,high
TTWO,2025-11-07,short,239.35,236.7285,125,stop,326.44,0.0109,1,-8.07,4.05,high
UHS,2025-11-10,short,218.61,222.29,91,eod,-335.79,-0.0169,230,-4.68,1.58,normal
PLTR,2025-11-10,long,184.05,190.88315,108,trail,736.9,0.0371,141,3.59,1.62,normal
BALL,2025-11-10,short,47.07,46.415949999999995,424,trail,273.08,0.0137,15,-3.21,1.55,normal
DIS,2025-11-13,short,109.27,110.19214285714285,274,stop,-255.41,-0.0085,33,-6.65,5.28,high
NKE,2025-11-13,long,65.15,65.22,306,eod,18.36,0.0009,387,2.35,1.62,normal
TQQQ,2025-11-14,short,49.76,52.63999999999999,401,stop,-1158.89,-0.0581,136,-4.48,1.87,normal
SQQQ,2025-11-14,long,74.09,70.70285714285714,269,stop,-913.83,-0.0459,135,4.45,1.5,normal
ORCL,2025-11-14,short,211.87,220.6957142857143,94,stop,-830.56,-0.0417,129,-3.1,1.79,normal
WBD,2025-11-14,long,22.66,23.0348,882,eod,321.75,0.0161,379,2.76,1.54,normal
ALB,2025-11-17,long,119.46,123.17425,167,trail,618.61,0.031,91,4.23,2.04,normal
COIN,2025-11-17,short,282.0,273.99924999999996,70,trail,559.35,0.0283,67,-3.2,1.64,normal
LOW,2025-11-18,short,216.86,220.89,92,eod,-371.68,-0.0186,359,-2.64,2.45,normal
ES,2025-11-19,short,70.6,70.235,424,stop,150.52,0.005,1,-5.54,4.2,high
TGT,2025-11-19,short,84.89,87.90571428571428,235,stop,-711.04,-0.0356,64,-2.38,2.89,normal
TJX,2025-11-19,long,149.49,147.62785714285715,133,stop,-248.99,-0.0125,37,3.38,1.67,normal
VLO,2025-11-19,short,178.71,176.20399999999998,111,trail,277.06,0.014,52,-3.28,1.55,normal
BBWI,2025-11-20,short,17.1,16.345,1754,stop,1306.73,0.0436,1,-24.62,6.55,high
NVDA,2025-11-20,long,196.55,187.61285714285714,101,stop,-903.66,-0.0455,187,5.06,1.74,normal
INTU,2025-11-21,long,661.78,665.5152499999999,30,trail,111.76,0.0056,36,5.05,2.42,normal
GOOGL,2025-11-21,long,295.27,296.43575,67,trail,77.44,0.0039,99,2.41,1.9,normal
WYNN,2025-12-01,long,131.0,132.39385,152,trail,210.35,0.0106,318,2.67,1.59,normal
BA,2025-12-02,long,193.0538,193.76479285714288,103,stop,72.2,0.0036,1,6.35,2.75,normal
FCX,2025-12-03,long,44.27,44.76,451,eod,216.48,0.0108,377,3.15,1.54,normal
ULTA,2025-12-05,long,573.8,603.3686964285712,52,target,1537.05,0.0515,90,8.43,5.45,high
HPE,2025-12-05,short,20.53,21.577857142857145,974,stop,-1030.35,-0.0515,60,-8.74,1.68,normal
SOFI,2025-12-05,short,27.4697,27.3847,728,trail,54.6,0.0027,73,-7.55,1.9,normal
APD,2025-12-08,short,258.48,257.96714285714285,77,stop,38.72,0.0019,1,-2.18,3.49,normal
GEV,2025-12-10,long,687.94,712.6179500000001,43,trail,1060.72,0.0359,72,10.69,3.75,high
PEP,2025-12-10,long,145.38,148.11392857142852,137,target,373.18,0.0187,198,2.16,2.61,normal
WBD,2025-12-10,long,28.88,29.7,692,eod,560.52,0.028,390,2.53,1.85,normal
ORCL,2025-12-11,short,192.84,189.36854999999997,155,trail,536.52,0.0179,65,-14.52,3.93,high
V,2025-12-11,long,329.25,335.4178571428571,60,target,369.47,0.0187,47,2.11,2.01,normal
LULU,2025-12-12,long,207.44,208.411225,144,trail,138.42,0.0046,63,9.39,5.58,high
RIVN,2025-12-12,long,16.67,18.583607142857147,1199,target,2282.42,0.1142,66,2.37,2.36,normal
GIS,2025-12-17,long,46.97,47.92535714285713,425,target,401.78,0.0201,36,2.07,2.51,normal
MU,2025-12-18,long,255.89,257.44945,78,trail,120.86,0.0061,68,13.75,2.61,normal
LULU,2025-12-18,long,222.85,216.0239,89,stop,-608.41,-0.0307,365,7.7,2.4,normal
GNRC,2025-12-18,long,148.96,142.4371,134,stop,-875.41,-0.0439,40,2.78,3.24,normal
LW,2025-12-19,short,56.48,51.775,531,stop,2493.04,0.0831,1,-14.29,18.83,high
ORCL,2025-12-19,long,187.87,191.2476,106,trail,356.97,0.0179,99,4.64,2.26,normal
NKE,2025-12-24,long,58.45,59.45,342,eod,338.58,0.0169,382,2.69,1.76,normal
